{"CHCGASelector(iterations=100, population=40, evaluator=FeatureEvaluator(folds=4, max_depth=4, sample=500))": [{"scores": [0.0, 0.0, 0.027826473752715842, 0.0, 0.14576792199884542, 0.0, 0.013925039214950084, 0.10584492675189143, 0.1720393820181396, 0.017798674642341982, 0.0, 0.0, 0.002236018146673285, 0.0, 0.44474424129432666, 0.019107684864196395, 0.05070963731591907, 0.0, 0.0], "columns": ["gender", "SeniorCitizen", "Partner", "Dependents", "tenure", "PhoneService", "MultipleLines", "InternetService", "OnlineSecurity", "OnlineBackup", "DeviceProtection", "TechSupport", "StreamingTV", "StreamingMovies", "Contract", "PaperlessBilling", "PaymentMethod", "MonthlyCharges", "Churn"]}, {"scores": [0.001831262019347815, 0.023924758151489953, 0.0, 0.01627107676695393, 0.0, 0.0, 0.008777575120836727, 0.0, 0.0, 0.05366134192573287, 0.0006444059955006584, 0.08394533712654074, 0.0038906522086648416, 0.006065927068531072, 0.008456874073088615, 0.0, 0.0, 0.0, 0.0, 0.002758436718418514, 0.0, 0.0, 0.000649463017676624, 0.0, 0.003867655324352556, 0.005981808299681342, 0.0, 0.0032953390797704316, 0.0, 0.00184014334712865, 0.0018400521643122977, 0.0, 0.0, 0.0, 0.0, 0.0, 0.0, 0.0, 0.0, 0.0006454047620013695, 0.0003195913299608162, 0.0, 0.0, 0.004806744774254826, 0.0011088714375624817, 0.0063860538508823915, 0.012301668583253907, 0.009511859342831415, 0.014029026951104745, 0.0, 0.002813563072390011, 0.0, 0.0, 0.0008062775285708496, 0.17187295653275486, 0.0, 0.0, 0.0, 0.0, 0.024362605987180604, 0.0, 0.18598594826046397, 0.06974783193832906, 0.003786043791337178, 0.0, 0.009436220837915545, 0.0, 0.08142904350781165, 0.0, 0.1570216485537086, 0.004063160202348379, 0.011863370347309565], "columns": ["gender", "SeniorCitizen", "Partner", "Dependents", "tenure", "PhoneService", "MultipleLines", "InternetService", "OnlineSecurity", "OnlineBackup", "DeviceProtection", "TechSupport", "StreamingTV", "StreamingMovies", "Contract", "PaperlessBilling", "PaymentMethod", "MonthlyCharges", "Churn", "Split( )(MultipleLines)_0", "Split( )(OnlineSecurity)_0", "Split( )(OnlineBackup)_0", "Split( )(DeviceProtection)_0", "Split( )(TechSupport)_0", "Split( )(StreamingTV)_0", "Split( )(StreamingMovies)_0", "Split(-)(Contract)_1", "Split( )(PaymentMethod)_1", "Split(.)(TotalCharges)_1", "SplitAlign( )(MultipleLines)_No", "SplitAlign( )(MultipleLines)_Yes", "SplitAlign( )(MultipleLines)_phone", "SplitAlign( )(InternetService)_DSL", "SplitAlign( )(InternetService)_Fiber", "SplitAlign( )(InternetService)_No", "SplitAlign( )(OnlineSecurity)_No", "SplitAlign( )(OnlineSecurity)_Yes", "SplitAlign( )(OnlineBackup)_No", "SplitAlign( )(OnlineBackup)_Yes", "SplitAlign( )(DeviceProtection)_No", "SplitAlign( )(DeviceProtection)_Yes", "SplitAlign( )(TechSupport)_No", "SplitAlign( )(TechSupport)_Yes", "SplitAlign( )(StreamingTV)_No", "SplitAlign( )(StreamingTV)_Yes", "SplitAlign( )(StreamingMovies)_No", "SplitAlign( )(StreamingMovies)_Yes", "SplitAlign( )(Contract)_Month-to-month", "SplitAlign( )(Contract)_One", "SplitAlign( )(Contract)_Two", "SplitAlign( )(Contract)_year", "SplitAlign( )(PaymentMethod)_(automatic)", "SplitAlign( )(PaymentMethod)_Bank", "SplitAlign( )(PaymentMethod)_Credit", "SplitAlign( )(PaymentMethod)_Electronic", "SplitAlign( )(PaymentMethod)_Mailed", "SplitAlign( )(PaymentMethod)_check", "ExtractNumber((\\d+))(customerID)_0", "ExtractNumber((\\d+\\.\\d+))(TotalCharges)_0", "ExtractNumber(:(?:\\d*[.,]\\d+)|(?:\\d+[.,]?))(?:[Ee][+-)(TotalCharges)_0", "ExtractNumber((\\d{2}))(TotalCharges)_0", "ExtractNumber((\\d{4}))(TotalCharges)_0", "ExtractNumber((\\d+))(TotalCharges)_0", "ExtractWord([Month, year])(Contract)_0", "ExtractWord([automatic, check])(PaymentMethod)_0", "OneHot()(MultipleLines)_No", "OneHot()(OnlineSecurity)_No", "OneHot()(OnlineBackup)_No", "OneHot()(DeviceProtection)_No", "OneHot()(TechSupport)_No", "OneHot()(StreamingTV)_No", "OneHot()(StreamingMovies)_No"]}, {"scores": [0.0026622810898199595, 0.013296125790732458, 0.0, 0.0, 0.0, 0.0, 0.010815523504890245, 0.0, 0.0020778220873395523, 0.10292205503354389, 0.0, 0.12405367484596076, 0.0, 0.012391817062816331, 0.009263826106328648, 0.0, 0.0007543768127102223, 0.0, 0.0, 0.006474778939168895, 0.0003507811453267248, 0.0, 0.0, 0.0, 0.0, 0.0031721293997900575, 0.0, 0.0007949015797691872, 0.0, 0.001841401983777605, 0.007343708499081317, 0.0, 0.0010497617798194874, 0.0021119521462686155, 0.0, 0.00033811457910442596, 0.0, 0.0, 0.0, 0.0, 0.00034897810202993746, 0.0, 0.0, 0.003851162837860325, 0.0, 0.0032999640150487516, 0.010522054828850045, 0.01032173997630042, 0.005214459161857356, 0.0, 0.012235032051063369, 0.0, 0.0, 0.0008713886049261885, 0.18044757269593434, 0.0, 0.0011026057082008942, 0.0, 0.0021070049738855724, 0.08735298271366203, 0.0, 0.0691391618767423, 0.02597170531127928, 0.003692129776239158, 0.0, 0.019068775407554722, 0.003730832237771189, 0.0338006365349344, 0.0, 0.11333078540861316, 0.000801596008127979, 0.008881314892020428, 0.07354110910445089, 0.0, 0.0, 0.0, 0.0, 0.0, 0.018292904117066917, 0.0, 0.0, 0.0, 0.0, 0.00038240587619329153, 0.0, 0.0, 0.0005356404886321694, 0.0, 0.0, 0.0, 0.0, 0.0, 0.0, 0.0, 0.009441024904506587, 0.0, 0.0],