{"CHCGASelector(iterations=50, population=40, evaluator=FeatureEvaluator(folds=4, max_depth=8, sample=1000))": [{"scores": [0.2087978267503604, 0.0, 0.5751788044250369, 0.0, 0.0, 0.1233560975305735, 0.09266727129402955, 0.0], "columns": ["issue_date", "condition", "color_type", "length(m)", "height(cm)", "X1", "X2", "pet_category"]}, {"scores": [0.0028286267555774325, 0.0, 0.4464281263102086, 0.014212576706304051, 0.011463874522722505, 0.17587337007965856, 0.01054465332878084, 0.0, 0.05476060377833956, 0.0, 0.010005933563234072, 0.0009316763242068742, 0.02897251794608393, 0.020927358061661173, 0.011026429261696596, 0.03387014530181748, 0.009766356712123166, 0.09641824989995251, 0.002424662364081684, 0.01454883726379536, 0.0, 0.0016436429219354206, 0.026651632334740376, 0.0, 0.0020208607665422942, 0.017248426078216035, 0.005043561760766344, 0.00238787795755521], "columns": ["issue_date", "condition", "color_type", "length(m)", "height(cm)", "X1", "X2", "pet_category", "Split(-)(issue_date)_0", "Split(-)(issue_date)_1", "Split(-)(issue_date)_2", "Split(-)(listing_date)_0", "Split(-)(listing_date)_1", "Split(:)(listing_date)_0", "Split(:)(listing_date)_1", "Split( )(listing_date)_0", "Split( )(listing_date)_1", "Split( )(color_type)_0", "ExtractNumber(:(?:\\d*[.,]\\d+)|(?:\\d+[.,]?))(?:[Ee][+-)(pet_id)_0", "ExtractNumber(:(?:\\d*[.,]\\d+)|(?:\\d+[.,]?))(?:[Ee][+-)(issue_date)_0", "ExtractNumber((\\d{2}))(issue_date)_0", "ExtractNumber(:(?:\\d*[.,]\\d+)|(?:\\d+[.,]?))(?:[Ee][+-)(listing_date)_0", "ExtractNumber((\\d{2}))(listing_date)_0", "OneHot()(X2)_0", "OneHot()(X2)_1", "OneHot()(X2)_4", "OneHot()(X2)_7", "OneHot()(X2)_9"]}, {"scores": [0.0, 0.0, 0.4569154857884908, 0.012365204706618652, 0.003017371132315721, 0.14277893592673271, 0.003646349708397237, 0.0, 0.036457851749470936, 0.0, 0.0018886162839334359, 0.006360553002665693, 0.0042640934422783355, 0.009717420490406838, 0.005825028095830814, 0.02971728449468287, 0.011098650654321624, 0.10226785469570275, 0.0050543750584836, 0.05119193873186768, 0.0, 0.003345013239769039, 0.0005050854127087766, 0.0, 0.002155289165641513, 0.04035428207807805, 0.0, 0.0018489664349536923, 0.004702738920885575, 0.005436969910838774, 0.0025567216956032027, 0.0031612023232695315, 0.006304154099900898, 0.006963703453385453, 0.0, 0.004418569755519058, 9.067421102253654e-05, 0.0, 0.00045224687097870296, 0.0, 0.0009300949830931429, 0.012758298550452227, 0.0015896382087241241, 0.0005525815287836984, 0.0025157460383075825, 0.0007440424088638527, 0.0011813988691708665, 0.001912997817740542, 0.0012944142699918431, 0.0001694715797401682, 0.0012249182942110218, 0.0, 0.0, 0.0, 0.0006031332364249976, 0.0007578784713864538, 0.00033765851713094886, 0.00028546248940991196, 0.0036036468705916112, 0.0007006693277087078, 0.0, 0.003975317003513951, 0.0], "columns": ["issue_date", "condition", "color_type", "length(m)", "height(cm)", "X1", "X2", "pet_category", "Split(-)(issue_date)_0", "Split(-)(issue_date)_1", "Split(-)(issue_date)_2", "Split(-)(listing_date)_0", "Split(-)(listing_date)_1", "Split(:)(listing_date)_0", "Split(:)(listing_date)_1", "Split( )(listing_date)_0", "Split( )(listing_date)_1", "Split( )(color_type)_0", "ExtractNumber(:(?:\\d*[.,]\\d+)|(?:\\d+[.,]?))(?:[Ee][+-)(pet_id)_0", "ExtractNumber(:(?:\\d*[.,]\\d+)|(?:\\d+[.,]?))(?:[Ee][+-)(issue_date)_0", "ExtractNumber((\\d{2}))(issue_date)_0", "ExtractNumber(:(?:\\d*[.,]\\d+)|(?:\\d+[.,]?))(?:[Ee][+-)(listing_date)_0", "ExtractNumber((\\d{2}))(listing_date)_0", "OneHot()(X2)_0", "OneHot()(X2)_1", "OneHot()(X2)_4", "OneHot()(X2)_7", "OneHot()(X2)_9", "Split(:)(Split(-)(listing_date)_2)_0", "Split( )(Split(-)(listing_date)_2)_0", "Split( )(Split(:)(listing_date)_0)_1", "ExtractNumber(:(?:\\d*[.,]\\d+)|(?:\\d+[.,]?))(?:[Ee][+-)(Split(-)(issue_date)_2)_0", "ExtractNumber(:(?:\\d*[.,]\\d+)|(?:\\d+[.,]?))(?:[Ee][+-)(Split(-)(listing_date)_2)_0", "ExtractNumber(:(?:\\d*[.,]\\d+)|(?:\\d+[.,]?))(?:[Ee][+-)(Split(:)(listing_date)_1)_0", "ExtractNumber(:(?:\\d*[.,]\\d+)|(?:\\d+[.,]?))(?:[Ee][+-)(Split( )(listing_date)_1)_0", "OneHot()(Split(-)(issue_date)_1)_01", "OneHot()(Split(-)(issue_date)_1)_02", "OneHot()(Split(-)(issue_date)_1)_03", "OneHot()(Split(-)(issue_date)_1)_04", "OneHot()(Split(-)(issue_date)_1)_05", "OneHot()(Split(-)(issue_date)_1)_06", "OneHot()(Split(-)(issue_date)_1)_07", "OneHot()(Split(-)(issue_date)_1)_08", "OneHot()(Split(-)(issue_date)_1)_09", "OneHot()(Split(-)(issue_date)_1)_10", "OneHot()(Split(-)(issue_date)_1)_11", "OneHot()(Split(-)(issue_date)_1)_12", "OneHot()(Split(-)(listing_date)_0)_2016", "OneHot()(Split(-)(listing_date)_0)_2017", "OneHot()(Split(-)(listing_date)_0)_2018", "OneHot()(Split(-)(listing_date)_0)_2019", "OneHot()(Split(-)(listing_date)_1)_01", "OneHot()(Split(-)(listing_date)_1)_02", "OneHot()(Split(-)(listing_date)_1)_03", "OneHot()(Split(-)(listing_date)_1)_04", "OneHot()(Split(-)(listing_date)_1)_05", "OneHot()(Split(-)(listing_date)_1)_06", "OneHot()(Split(-)(listing_date)_1)_07", "OneHot()(Split(-)(listing_date)_1)_08", "OneHot()(Split(-)(listing_date)_1)_09", "OneHot()(Split(-)(listing_date)_1)_10", "OneHot()(Split(-)(listing_date)_1)_11", "OneHot()(Split(-)(listing_date)_1)_12"]}, {"scores": [0.012891772344983551, 0.0, 0.4585149711410498, 0.001286339013304392, 0.0039620020380612495, 0.2171197310783222, 0.008124289272498563, 0.0, 0.02357187540294165, 0.0, 0.00083467443101685, 0.0020334470406203433, 0.011390624985861741, 0.009432536144699202, 0.0032833019513208565, 0.015123736197398, 0.0026431797464714062, 0.05198279599345259, 0.0010834718108562093, 0.043783589969346476, 0.0, 0.0011187602480002615, 0.018604139748822603, 0.0, 0.0024388271361462884, 0.0027487180371002615, 0.005957394363829923, 0.00325855930564504, 0.013653153348383662, 0.0013997543501259725, 0.007598626644771347, 0.0031608842191383833, 0.004668250576454239, 0.00394174479703726, 0.0076554830631428705, 0.004096767736432443, 0.00016982414213876122, 0.0003906552282599826, 0.00043024057693017684, 0.00013474699922983967, 0.0006372276489608824, 0.026723888757139626, 0.0007817854156033698, 0.00036858692672893335, 0.0, 0.0036218322439064777, 0.00028284356750261734, 0.001298083268381324, 0.0012196047995511213, 0.0005352670524760532, 0.0009075990928003795, 0.0014589466174766013, 8.758654862678332e-05, 0.0001105028539557739, 0.0007729864845671405, 0.0, 0.0008582292548363551, 0.0010889268185530626, 0.0038465307125264557, 0.002318398897275549, 0.0, 0.004507567625345714, 8.47363299914418e-05],