{"CHCGASelector(iterations=50, population=40, evaluator=FeatureEvaluator(folds=8, max_depth=8, sample=1000))": [{"scores": [0.2087978267503604, 0.0, 0.5751788044250369, 0.0, 0.0, 0.1233560975305735, 0.09266727129402955, 0.0], "columns": ["issue_date", "condition", "color_type", "length(m)", "height(cm)", "X1", "X2", "pet_category"]}, {"scores": [0.0028286267555774325, 0.0, 0.44642812631020873, 0.014212576706304055, 0.011463874522722505, 0.17587337007965856, 0.010544653328780844, 0.0, 0.054760603778339564, 0.0, 0.010005933563234074, 0.0009316763242068744, 0.028972517946083933, 0.020927358061661176, 0.0110264292616966, 0.033870145301817485, 0.009766356712123168, 0.09641824989995253, 0.0024246623640816842, 0.014548837263795366, 0.0, 0.0016436429219354215, 0.02665163233474038, 0.0, 0.0020208607665422947, 0.01724842607821604, 0.005043561760766345, 0.0023878779575552105], "columns": ["issue_date", "condition", "color_type", "length(m)", "height(cm)", "X1", "X2", "pet_category", "Split(-)(issue_date)_0", "Split(-)(issue_date)_1", "Split(-)(issue_date)_2", "Split(-)(listing_date)_0", "Split(-)(listing_date)_1", "Split(:)(listing_date)_0", "Split(:)(listing_date)_1", "Split( )(listing_date)_0", "Split( )(listing_date)_1", "Split( )(color_type)_0", "ExtractNumber(:(?:\\d*[.,]\\d+)|(?:\\d+[.,]?))(?:[Ee][+-)(pet_id)_0", "ExtractNumber(:(?:\\d*[.,]\\d+)|(?:\\d+[.,]?))(?:[Ee][+-)(issue_date)_0", "ExtractNumber((\\d{2}))(issue_date)_0", "ExtractNumber(:(?:\\d*[.,]\\d+)|(?:\\d+[.,]?))(?:[Ee][+-)(listing_date)_0", "ExtractNumber((\\d{2}))(listing_date)_0", "OneHot()(X2)_0", "OneHot()(X2)_1", "OneHot()(X2)_4", "OneHot()(X2)_7", "OneHot()(X2)_9"]}, {"scores": [0.0, 0.0, 0.4569154857884905, 0.012365204706618652, 0.0030173711323157196, 0.14277893592673266, 0.003646349708397236, 0.0, 0.03645785174947093, 0.0, 0.0018886162839334354, 0.006360553002665692, 0.004264093442278334, 0.009717420490406834, 0.005825028095830812, 0.02971728449468287, 0.011098650654321621, 0.10226785469570272, 0.005054375058483599, 0.05119193873186766, 0.0, 0.0033450132397690384, 0.0005050854127087765, 0.0, 0.0021552891656415126, 0.04035428207807804, 0.0, 0.0018489664349536918, 0.004702738920885574, 0.005436969910838772, 0.002556721695603202, 0.00316120232326953, 0.006304154099900897, 0.0069637034533854515, 0.0, 0.004418569755519058, 9.06742110225365e-05, 0.0, 0.00045224687097870285, 0.0, 0.0009300949830931427, 0.012758298550452223, 0.0015896382087241237, 0.0005525815287836983, 0.002515746038307582, 0.0007440424088638525, 0.001181398869170866, 0.0019129978177405416, 0.001294414269991843, 0.00016947157974016818, 0.0012249182942110216, 0.0, 0.0, 0.0, 0.0006031332364249975, 0.0007578784713864537, 0.0003376585171309488, 0.00028546248940991185, 0.0036036468705916112, 0.0007006693277087076, 0.0, 0.00397531700351395, 0.0], "columns": ["issue_date", "condition", "color_type", "length(m)", "height(cm)", "X1", "X2", "pet_category", "Split(-)(issue_date)_0", "Split(-)(issue_date)_1", "Split(-)(issue_date)_2", "Split(-)(listing_date)_0", "Split(-)(listing_date)_1", "Split(:)(listing_date)_0", "Split(:)(listing_date)_1", "Split( )(listing_date)_0", "Split( )(listing_date)_1", "Split( )(color_type)_0", "ExtractNumber(:(?:\\d*[.,]\\d+)|(?:\\d+[.,]?))(?:[Ee][+-)(pet_id)_0", "ExtractNumber(:(?:\\d*[.,]\\d+)|(?:\\d+[.,]?))(?:[Ee][+-)(issue_date)_0", "ExtractNumber((\\d{2}))(issue_date)_0", "ExtractNumber(:(?:\\d*[.,]\\d+)|(?:\\d+[.,]?))(?:[Ee][+-)(listing_date)_0", "ExtractNumber((\\d{2}))(listing_date)_0", "OneHot()(X2)_0", "OneHot()(X2)_1", "OneHot()(X2)_4", "OneHot()(X2)_7", "OneHot()(X2)_9", "Split(:)(Split(-)(listing_date)_2)_0", "Split( )(Split(-)(listing_date)_2)_0", "Split( )(Split(:)(listing_date)_0)_1", "ExtractNumber(:(?:\\d*[.,]\\d+)|(?:\\d+[.,]?))(?:[Ee][+-)(Split(-)(issue_date)_2)_0", "ExtractNumber(:(?:\\d*[.,]\\d+)|(?:\\d+[.,]?))(?:[Ee][+-)(Split(-)(listing_date)_2)_0", "ExtractNumber(:(?:\\d*[.,]\\d+)|(?:\\d+[.,]?))(?:[Ee][+-)(Split(:)(listing_date)_1)_0", "ExtractNumber(:(?:\\d*[.,]\\d+)|(?:\\d+[.,]?))(?:[Ee][+-)(Split( )(listing_date)_1)_0", "OneHot()(Split(-)(issue_date)_1)_01", "OneHot()(Split(-)(issue_date)_1)_02", "OneHot()(Split(-)(issue_date)_1)_03", "OneHot()(Split(-)(issue_date)_1)_04", "OneHot()(Split(-)(issue_date)_1)_05", "OneHot()(Split(-)(issue_date)_1)_06", "OneHot()(Split(-)(issue_date)_1)_07", "OneHot()(Split(-)(issue_date)_1)_08", "OneHot()(Split(-)(issue_date)_1)_09", "OneHot()(Split(-)(issue_date)_1)_10", "OneHot()(Split(-)(issue_date)_1)_11", "OneHot()(Split(-)(issue_date)_1)_12", "OneHot()(Split(-)(listing_date)_0)_2016", "OneHot()(Split(-)(listing_date)_0)_2017", "OneHot()(Split(-)(listing_date)_0)_2018", "OneHot()(Split(-)(listing_date)_0)_2019", "OneHot()(Split(-)(listing_date)_1)_01", "OneHot()(Split(-)(listing_date)_1)_02", "OneHot()(Split(-)(listing_date)_1)_03", "OneHot()(Split(-)(listing_date)_1)_04", "OneHot()(Split(-)(listing_date)_1)_05", "OneHot()(Split(-)(listing_date)_1)_06", "OneHot()(Split(-)(listing_date)_1)_07", "OneHot()(Split(-)(listing_date)_1)_08", "OneHot()(Split(-)(listing_date)_1)_09", "OneHot()(Split(-)(listing_date)_1)_10", "OneHot()(Split(-)(listing_date)_1)_11", "OneHot()(Split(-)(listing_date)_1)_12"]}, {"scores": [0.012891772344983551, 0.0, 0.4585149711410499, 0.001286339013304392, 0.003962002038061249, 0.2171197310783222, 0.008124289272498563, 0.0, 0.02357187540294165, 0.0, 0.00083467443101685, 0.0020334470406203433, 0.011390624985861743, 0.009432536144699202, 0.0032833019513208565, 0.015123736197398, 0.0026431797464714062, 0.05198279599345259, 0.0010834718108562093, 0.043783589969346476, 0.0, 0.0011187602480002617, 0.018604139748822603, 0.0, 0.0024388271361462884, 0.0027487180371002615, 0.005957394363829923, 0.00325855930564504, 0.013653153348383663, 0.001399754350125972, 0.007598626644771347, 0.0031608842191383833, 0.004668250576454239, 0.00394174479703726, 0.0076554830631428705, 0.004096767736432443, 0.00016982414213876124, 0.0003906552282599826, 0.00043024057693017684, 0.00013474699922983965, 0.0006372276489608823, 0.026723888757139623, 0.0007817854156033698, 0.0003685869267289333, 0.0, 0.0036218322439064777, 0.0002828435675026174, 0.0012980832683813237, 0.001219604799551121, 0.0005352670524760531, 0.0009075990928003794, 0.0014589466174766013, 8.758654862678331e-05, 0.0001105028539557739, 0.0007729864845671405, 0.0, 0.000858229254836355, 0.0010889268185530626, 0.0038465307125264557, 0.002318398897275549, 0.0, 0.004507567625345714, 8.473632999144179e-05],