{"CHCGASelector(iterations=100, population=40, evaluator=FeatureEvaluator(folds=4, max_depth=8, sample=1000))": [{"scores": [0.2087978267503604, 0.0, 0.5751788044250369, 0.0, 0.0, 0.1233560975305735, 0.09266727129402955, 0.0], "columns": ["issue_date", "condition", "color_type", "length(m)", "height(cm)", "X1", "X2", "pet_category"]}, {"scores": [0.0044756078867565375, 0.0, 0.40177663655954465, 0.006390936193335965, 0.023834057709440595, 0.1995006170736239, 0.007571816333439168, 0.0, 0.02137228104809283, 0.0, 0.016805162254708943, 0.0013759009203003097, 0.043388196559245015, 0.02109205957232205, 0.003074875185453633, 0.018085904884049018, 0.0, 0.1487011465448265, 0.004971118559342414, 0.042401130509216685, 0.0, 0.0009329614889591129, 0.025885642969224246, 0.0, 0.0020867150682411604, 0.0030280449119076056, 0.0019231504055337704, 0.0013260373624359976], "columns": ["issue_date", "condition", "color_type", "length(m)", "height(cm)", "X1", "X2", "pet_category", "Split(-)(issue_date)_0", "Split(-)(issue_date)_1", "Split(-)(issue_date)_2", "Split(-)(listing_date)_0", "Split(-)(listing_date)_1", "Split(:)(listing_date)_0", "Split(:)(listing_date)_1", "Split( )(listing_date)_0", "Split( )(listing_date)_1", "Split( )(color_type)_0", "ExtractNumber(:(?:\\d*[.,]\\d+)|(?:\\d+[.,]?))(?:[Ee][+-)(pet_id)_0", "ExtractNumber(:(?:\\d*[.,]\\d+)|(?:\\d+[.,]?))(?:[Ee][+-)(issue_date)_0", "ExtractNumber((\\d{2}))(issue_date)_0", "ExtractNumber(:(?:\\d*[.,]\\d+)|(?:\\d+[.,]?))(?:[Ee][+-)(listing_date)_0", "ExtractNumber((\\d{2}))(listing_date)_0", "OneHot()(X2)_0", "OneHot()(X2)_1", "OneHot()(X2)_4", "OneHot()(X2)_7", "OneHot()(X2)_9"]}, {"scores": [0.0, 0.0, 0.44536404881381175, 0.0, 0.007395449123468285, 0.20973112567438207, 0.013481238076137549, 0.0, 0.031768647095208116, 0.0, 0.0017603444199606765, 0.0009508323714840511, 0.01738808337047738, 0.008222961739007792, 0.004344593749472466, 0.009830755395940385, 0.008084925600605126, 0.07607037764299857, 0.002128040205111279, 0.04287764652146177, 0.0, 0.00043014028078267155, 0.018920247040792846, 0.0, 0.0037938523319006024, 0.004511514101712623, 0.0, 0.0017902499874431822, 0.0, 0.0003632263553586133, 0.009555316071269037, 0.0, 0.0, 0.0011709555893971697, 0.005848637399198598, 0.0026151008054819693, 0.0, 0.0, 0.0019151377478280683, 0.0, 0.0003376485713438935, 0.0427001473896634, 0.00023699669525168327, 0.00021575438654715355, 0.0003541155587861827, 0.0023729987583556633, 0.00026718083967868303, 0.0005795275729289243, 0.006299650891579889, 0.0007635188273987224, 0.000961364444003668, 0.0036212701325879348, 0.0, 0.0, 0.0008338977650545929, 0.0, 0.00047502726160215616, 0.0011722868674753693, 0.005397717124705518, 0.0026742240706246314, 0.000423225331719263, 0.0, 0.0], "columns": ["issue_date", "condition", "color_type", "length(m)", "height(cm)", "X1", "X2", "pet_category", "Split(-)(issue_date)_0", "Split(-)(issue_date)_1", "Split(-)(issue_date)_2", "Split(-)(listing_date)_0", "Split(-)(listing_date)_1", "Split(:)(listing_date)_0", "Split(:)(listing_date)_1", "Split( )(listing_date)_0", "Split( )(listing_date)_1", "Split( )(color_type)_0", "ExtractNumber(:(?:\\d*[.,]\\d+)|(?:\\d+[.,]?))(?:[Ee][+-)(pet_id)_0", "ExtractNumber(:(?:\\d*[.,]\\d+)|(?:\\d+[.,]?))(?:[Ee][+-)(issue_date)_0", "ExtractNumber((\\d{2}))(issue_date)_0", "ExtractNumber(:(?:\\d*[.,]\\d+)|(?:\\d+[.,]?))(?:[Ee][+-)(listing_date)_0", "ExtractNumber((\\d{2}))(listing_date)_0", "OneHot()(X2)_0", "OneHot()(X2)_1", "OneHot()(X2)_4", "OneHot()(X2)_7", "OneHot()(X2)_9", "Split(:)(Split(-)(listing_date)_2)_0", "Split( )(Split(-)(listing_date)_2)_0", "Split( )(Split(:)(listing_date)_0)_1", "ExtractNumber(:(?:\\d*[.,]\\d+)|(?:\\d+[.,]?))(?:[Ee][+-)(Split(-)(issue_date)_2)_0", "ExtractNumber(:(?:\\d*[.,]\\d+)|(?:\\d+[.,]?))(?:[Ee][+-)(Split(-)(listing_date)_2)_0", "ExtractNumber(:(?:\\d*[.,]\\d+)|(?:\\d+[.,]?))(?:[Ee][+-)(Split(:)(listing_date)_1)_0", "ExtractNumber(:(?:\\d*[.,]\\d+)|(?:\\d+[.,]?))(?:[Ee][+-)(Split( )(listing_date)_1)_0", "OneHot()(Split(-)(issue_date)_1)_01", "OneHot()(Split(-)(issue_date)_1)_02", "OneHot()(Split(-)(issue_date)_1)_03", "OneHot()(Split(-)(issue_date)_1)_04", "OneHot()(Split(-)(issue_date)_1)_05", "OneHot()(Split(-)(issue_date)_1)_06", "OneHot()(Split(-)(issue_date)_1)_07", "OneHot()(Split(-)(issue_date)_1)_08", "OneHot()(Split(-)(issue_date)_1)_09", "OneHot()(Split(-)(issue_date)_1)_10", "OneHot()(Split(-)(issue_date)_1)_11", "OneHot()(Split(-)(issue_date)_1)_12", "OneHot()(Split(-)(listing_date)_0)_2016", "OneHot()(Split(-)(listing_date)_0)_2017", "OneHot()(Split(-)(listing_date)_0)_2018", "OneHot()(Split(-)(listing_date)_0)_2019", "OneHot()(Split(-)(listing_date)_1)_01", "OneHot()(Split(-)(listing_date)_1)_02", "OneHot()(Split(-)(listing_date)_1)_03", "OneHot()(Split(-)(listing_date)_1)_04", "OneHot()(Split(-)(listing_date)_1)_05", "OneHot()(Split(-)(listing_date)_1)_06", "OneHot()(Split(-)(listing_date)_1)_07", "OneHot()(Split(-)(listing_date)_1)_08", "OneHot()(Split(-)(listing_date)_1)_09", "OneHot()(Split(-)(listing_date)_1)_10", "OneHot()(Split(-)(listing_date)_1)_11", "OneHot()(Split(-)(listing_date)_1)_12"]}, {"scores": [0.0, 0.0, 0.36580065315895904, 0.004577311194157263, 0.001402597210188711, 0.19551340229055097, 0.014801380341573458, 0.0, 0.03146758876378009, 0.0, 0.0, 0.0009410121325061946, 0.0, 0.00469105371741832, 0.002780463723494818, 0.013133556764930582, 0.019945556705238215, 0.20590100683231444, 0.0051495101955558705, 0.028568165791694262, 0.0, 0.0007869220933035425, 0.009570024961608187, 0.0, 0.00048069542030668486, 0.0021264456478361136, 0.0, 0.0037768261394325897, 0.0, 0.0, 0.0051200002504630015, 0.0008187919806875838, 0.0011535320748875461, 0.0045522771483165235, 0.003604002600800118, 0.005658397178848331, 0.0, 0.0, 0.0006135993258722854, 0.0, 0.0003220047644774724, 0.048313466857629286, 0.0015029368960905163, 6.93901119401983e-05, 0.0002360410631927435, 0.00112917995271598, 0.0, 0.00025874269723526443, 0.001497809086890801, 0.0002473353332119832, 0.001981168484448944, 0.0015514340508892793, 0.0, 0.0, 0.0027922362958635516, 0.0, 0.00020016210850262167, 0.0019293728989083067, 0.0005676652692471356, 0.0005158490784499158, 0.003242536930573905, 7.18791152848668e-05, 0.0006360153597224829],