{"CHCGASelector(iterations=25, population=40, evaluator=FeatureEvaluator(folds=8, max_depth=8, sample=500))": [{"scores": [0.0, 0.0, 0.5002596502315466, 0.028328825290376135, 0.0911357297582855, 0.26725219571155945, 0.11302359900823208, 0.0], "columns": ["issue_date", "condition", "color_type", "length(m)", "height(cm)", "X1", "X2", "pet_category"]}, {"scores": [0.0192454550350956, 0.0034060307290840527, 0.44974094177574403, 0.014714121409171778, 0.002723528570119859, 0.004453020909473073, 0.055042021649954004, 0.0, 0.05356227850408581, 0.006131825594283706, 0.00444918575014363, 0.004612821591689424, 0.010255500946130145, 0.033760420300879446, 0.004111304997324699, 0.026688626755098515, 0.017591446406730365, 0.06548852148939377, 0.02130882886525975, 0.05267110446784677, 0.005275337436659159, 0.004942330761071229, 0.02100256137423756, 0.0, 0.006172591266991333, 0.048527097308096866, 0.03993963361083253, 0.024183462494602924], "columns": ["issue_date", "condition", "color_type", "length(m)", "height(cm)", "X1", "X2", "pet_category", "Split(-)(issue_date)_0", "Split(-)(issue_date)_1", "Split(-)(issue_date)_2", "Split(-)(listing_date)_0", "Split(-)(listing_date)_1", "Split(:)(listing_date)_0", "Split(:)(listing_date)_1", "Split( )(listing_date)_0", "Split( )(listing_date)_1", "Split( )(color_type)_0", "ExtractNumber(:(?:\\d*[.,]\\d+)|(?:\\d+[.,]?))(?:[Ee][+-)(pet_id)_0", "ExtractNumber(:(?:\\d*[.,]\\d+)|(?:\\d+[.,]?))(?:[Ee][+-)(issue_date)_0", "ExtractNumber((\\d{2}))(issue_date)_0", "ExtractNumber(:(?:\\d*[.,]\\d+)|(?:\\d+[.,]?))(?:[Ee][+-)(listing_date)_0", "ExtractNumber((\\d{2}))(listing_date)_0", "OneHot()(X2)_0", "OneHot()(X2)_1", "OneHot()(X2)_4", "OneHot()(X2)_7", "OneHot()(X2)_9"]}, {"scores": [0.056826181446220016, 0.007280149150507714, 0.4563610299190562, 0.022537436982615754, 0.0, 0.0035359002492814386, 0.042758547531873844, 0.0, 0.03248024323050218, 0.0015267148200709731, 0.004927059312179395, 0.000662205972194331, 0.0033960152625713354, 0.033989281858934094, 0.0031071048060179298, 0.012534650617910875, 0.001496007267328612, 0.0809956934858377, 0.00960537150808312, 0.026145547263587227, 0.003849573631110327, 0.0004498997908927303, 0.0070522174728010955, 0.0, 0.000689708205598024, 0.0014621101486945428, 0.05257973938670918, 0.038146205036862536, 0.015485899915694372, 0.016575824548739532, 0.004478231126538231, 0.011035389261363012, 0.009188980501386565, 0.003546457112002493, 0.001361370980788251, 0.00024956555827183326, 0.0, 0.0015271740461353003, 0.0, 0.0004971505436010569, 0.0001527512836547683, 0.007190919602941318, 0.00015676026963882842, 0.0, 0.0, 0.0035597749687087373, 0.002107189725351303, 0.000976789529062109, 0.002736615219791674, 0.000490551379329936, 0.001605907943520655, 0.0, 0.0, 0.0, 0.003894908353420527, 0.0, 0.0004554284788654654, 0.00029564065735449214, 0.004017690462290263, 0.0014932560917650434, 0.00014824468442737037, 0.00026679594868440855, 0.002110137449231399], "columns": ["issue_date", "condition", "color_type", "length(m)", "height(cm)", "X1", "X2", "pet_category", "Split(-)(issue_date)_0", "Split(-)(issue_date)_1", "Split(-)(issue_date)_2", "Split(-)(listing_date)_0", "Split(-)(listing_date)_1", "Split(:)(listing_date)_0", "Split(:)(listing_date)_1", "Split( )(listing_date)_0", "Split( )(listing_date)_1", "Split( )(color_type)_0", "ExtractNumber(:(?:\\d*[.,]\\d+)|(?:\\d+[.,]?))(?:[Ee][+-)(pet_id)_0", "ExtractNumber(:(?:\\d*[.,]\\d+)|(?:\\d+[.,]?))(?:[Ee][+-)(issue_date)_0", "ExtractNumber((\\d{2}))(issue_date)_0", "ExtractNumber(:(?:\\d*[.,]\\d+)|(?:\\d+[.,]?))(?:[Ee][+-)(listing_date)_0", "ExtractNumber((\\d{2}))(listing_date)_0", "OneHot()(X2)_0", "OneHot()(X2)_1", "OneHot()(X2)_4", "OneHot()(X2)_7", "OneHot()(X2)_9", "Split(:)(Split(-)(listing_date)_2)_0", "Split( )(Split(-)(listing_date)_2)_0", "Split( )(Split(:)(listing_date)_0)_1", "ExtractNumber(:(?:\\d*[.,]\\d+)|(?:\\d+[.,]?))(?:[Ee][+-)(Split(-)(issue_date)_2)_0", "ExtractNumber(:(?:\\d*[.,]\\d+)|(?:\\d+[.,]?))(?:[Ee][+-)(Split(-)(listing_date)_2)_0", "ExtractNumber(:(?:\\d*[.,]\\d+)|(?:\\d+[.,]?))(?:[Ee][+-)(Split(:)(listing_date)_1)_0", "ExtractNumber(:(?:\\d*[.,]\\d+)|(?:\\d+[.,]?))(?:[Ee][+-)(Split( )(listing_date)_1)_0", "OneHot()(Split(-)(issue_date)_1)_01", "OneHot()(Split(-)(issue_date)_1)_02", "OneHot()(Split(-)(issue_date)_1)_03", "OneHot()(Split(-)(issue_date)_1)_04", "OneHot()(Split(-)(issue_date)_1)_05", "OneHot()(Split(-)(issue_date)_1)_06", "OneHot()(Split(-)(issue_date)_1)_07", "OneHot()(Split(-)(issue_date)_1)_08", "OneHot()(Split(-)(issue_date)_1)_09", "OneHot()(Split(-)(issue_date)_1)_10", "OneHot()(Split(-)(issue_date)_1)_11", "OneHot()(Split(-)(issue_date)_1)_12", "OneHot()(Split(-)(listing_date)_0)_2016", "OneHot()(Split(-)(listing_date)_0)_2017", "OneHot()(Split(-)(listing_date)_0)_2018", "OneHot()(Split(-)(listing_date)_0)_2019", "OneHot()(Split(-)(listing_date)_1)_01", "OneHot()(Split(-)(listing_date)_1)_02", "OneHot()(Split(-)(listing_date)_1)_03", "OneHot()(Split(-)(listing_date)_1)_04", "OneHot()(Split(-)(listing_date)_1)_05", "OneHot()(Split(-)(listing_date)_1)_06", "OneHot()(Split(-)(listing_date)_1)_07", "OneHot()(Split(-)(listing_date)_1)_08", "OneHot()(Split(-)(listing_date)_1)_09", "OneHot()(Split(-)(listing_date)_1)_10", "OneHot()(Split(-)(listing_date)_1)_11", "OneHot()(Split(-)(listing_date)_1)_12"]}, {"scores": [0.11295736032287113, 0.005528193381598221, 0.4296613853735526, 0.02989656430311769, 0.0, 0.003385419508762698, 0.043822771210221656, 0.0, 0.004893927447108344, 0.001098210345958473, 0.009735553702702272, 0.004816499967318512, 0.01837116702714785, 0.014505661633917859, 0.0010559614232392679, 0.012138031731846988, 0.002428003755843006, 0.0894402973674997, 0.00814651774694142, 0.01409000982285933, 0.002064993533505309, 0.004402312808485882, 0.009548949773169424, 0.0, 0.00045971388628115637, 0.0005311245285650395, 0.05435845956612572, 0.028640960259021898, 0.005547524939040693, 0.01367841487267804, 0.002528392579802303, 0.01064861249820447, 0.016297347788052377, 0.0027161525622960117, 0.003052170325068584, 0.0, 0.0, 0.00010722239907042922, 0.00010743483933938206, 0.0005628737392455527, 0.0004825870403414434, 0.009697699380782831, 0.00017062581798701074, 0.0005727742666407283, 0.00011857418239082474, 0.003383413741451208, 0.00036157012560145515, 0.0060752186316640625, 0.0019532308645438083, 0.0, 0.0009101635647774083, 0.0, 0.0, 0.002957282969388959, 0.002853977038158306, 0.0, 0.0, 0.0, 0.0017589302223561401, 0.005003365276664817, 0.0, 0.0013714978289008002, 0.0011048920778909985],