{"CHCGASelector(iterations=100, population=40, evaluator=FeatureEvaluator(folds=4, max_depth=8, sample=500))": [{"scores": [0.0, 0.0, 0.46189665880569175, 0.08574550230501055, 0.07640234340250018, 0.28049167777801703, 0.09546381770878022, 0.0], "columns": ["issue_date", "condition", "color_type", "length(m)", "height(cm)", "X1", "X2", "pet_category"]}, {"scores": [0.06853674540285883, 0.0038860640708267696, 0.429676365295926, 0.030213687721066054, 0.015509261319208654, 0.0900826501704444, 0.021989299435099644, 0.0, 0.010555069147536953, 0.0029643266702232916, 0.010055289122339587, 0.014300484975750559, 0.012237287218568494, 0.004140084513171872, 0.004885450904431844, 0.006889071184326513, 0.014345373995607244, 0.05973647547829477, 0.029986388667560204, 0.0109918717225291, 0.011755126233787579, 0.013349763654061778, 0.025823549812610445, 0.0, 0.007045726849776942, 0.016960046368090374, 0.06444356677660522, 0.019640973289296752], "columns": ["issue_date", "condition", "color_type", "length(m)", "height(cm)", "X1", "X2", "pet_category", "Split(-)(issue_date)_0", "Split(-)(issue_date)_1", "Split(-)(issue_date)_2", "Split(-)(listing_date)_0", "Split(-)(listing_date)_1", "Split(:)(listing_date)_0", "Split(:)(listing_date)_1", "Split( )(listing_date)_0", "Split( )(listing_date)_1", "Split( )(color_type)_0", "ExtractNumber(:(?:\\d*[.,]\\d+)|(?:\\d+[.,]?))(?:[Ee][+-)(pet_id)_0", "ExtractNumber(:(?:\\d*[.,]\\d+)|(?:\\d+[.,]?))(?:[Ee][+-)(issue_date)_0", "ExtractNumber((\\d{2}))(issue_date)_0", "ExtractNumber(:(?:\\d*[.,]\\d+)|(?:\\d+[.,]?))(?:[Ee][+-)(listing_date)_0", "ExtractNumber((\\d{2}))(listing_date)_0", "OneHot()(X2)_0", "OneHot()(X2)_1", "OneHot()(X2)_4", "OneHot()(X2)_7", "OneHot()(X2)_9"]}, {"scores": [0.13854356742991208, 0.0049873343779887926, 0.42802465099425496, 0.0, 0.0, 0.0, 0.053283783610889625, 0.0, 0.0017572567517650374, 0.00010495535691963027, 0.0, 0.01897563806230623, 0.0, 0.004769318763642748, 0.0, 0.012786570333818253, 0.003073308179217686, 0.13120335763670388, 0.013653270603673323, 0.004130311176169514, 0.0, 0.008728504284573226, 0.002341659449365015, 0.0, 0.0003205126257392846, 0.0001784212536817737, 0.05700422142143156, 0.03244370724053656, 0.004359114770449468, 0.015010181487005208, 0.002377290545131567, 0.004458379114108731, 0.0039898509516834175, 0.00146101892749655, 0.002845576447274315, 0.0, 0.00013488904399385371, 0.0002115410057996878, 0.0, 0.000341911278652112, 0.0009872842939728883, 0.015028024549593223, 0.0005813959302973525, 0.0011168204398146044, 0.0, 0.0030242142899275927, 0.0, 0.0018656155116565307, 0.0007761908329325016, 0.0, 0.001648693839146875, 0.0, 0.0, 0.0, 0.007021523150959256, 0.0, 0.0, 0.000277191265360962, 0.0005586609483457087, 0.013138914305027609, 9.623198095436942e-05, 0.0004596611394067613, 0.0019194743984196165], "columns": ["issue_date", "condition", "color_type", "length(m)", "height(cm)", "X1", "X2", "pet_category", "Split(-)(issue_date)_0", "Split(-)(issue_date)_1", "Split(-)(issue_date)_2", "Split(-)(listing_date)_0", "Split(-)(listing_date)_1", "Split(:)(listing_date)_0", "Split(:)(listing_date)_1", "Split( )(listing_date)_0", "Split( )(listing_date)_1", "Split( )(color_type)_0", "ExtractNumber(:(?:\\d*[.,]\\d+)|(?:\\d+[.,]?))(?:[Ee][+-)(pet_id)_0", "ExtractNumber(:(?:\\d*[.,]\\d+)|(?:\\d+[.,]?))(?:[Ee][+-)(issue_date)_0", "ExtractNumber((\\d{2}))(issue_date)_0", "ExtractNumber(:(?:\\d*[.,]\\d+)|(?:\\d+[.,]?))(?:[Ee][+-)(listing_date)_0", "ExtractNumber((\\d{2}))(listing_date)_0", "OneHot()(X2)_0", "OneHot()(X2)_1", "OneHot()(X2)_4", "OneHot()(X2)_7", "OneHot()(X2)_9", "Split(:)(Split(-)(listing_date)_2)_0", "Split( )(Split(-)(listing_date)_2)_0", "Split( )(Split(:)(listing_date)_0)_1", "ExtractNumber(:(?:\\d*[.,]\\d+)|(?:\\d+[.,]?))(?:[Ee][+-)(Split(-)(issue_date)_2)_0", "ExtractNumber(:(?:\\d*[.,]\\d+)|(?:\\d+[.,]?))(?:[Ee][+-)(Split(-)(listing_date)_2)_0", "ExtractNumber(:(?:\\d*[.,]\\d+)|(?:\\d+[.,]?))(?:[Ee][+-)(Split(:)(listing_date)_1)_0", "ExtractNumber(:(?:\\d*[.,]\\d+)|(?:\\d+[.,]?))(?:[Ee][+-)(Split( )(listing_date)_1)_0", "OneHot()(Split(-)(issue_date)_1)_01", "OneHot()(Split(-)(issue_date)_1)_02", "OneHot()(Split(-)(issue_date)_1)_03", "OneHot()(Split(-)(issue_date)_1)_04", "OneHot()(Split(-)(issue_date)_1)_05", "OneHot()(Split(-)(issue_date)_1)_06", "OneHot()(Split(-)(issue_date)_1)_07", "OneHot()(Split(-)(issue_date)_1)_08", "OneHot()(Split(-)(issue_date)_1)_09", "OneHot()(Split(-)(issue_date)_1)_10", "OneHot()(Split(-)(issue_date)_1)_11", "OneHot()(Split(-)(issue_date)_1)_12", "OneHot()(Split(-)(listing_date)_0)_2016", "OneHot()(Split(-)(listing_date)_0)_2017", "OneHot()(Split(-)(listing_date)_0)_2018", "OneHot()(Split(-)(listing_date)_0)_2019", "OneHot()(Split(-)(listing_date)_1)_01", "OneHot()(Split(-)(listing_date)_1)_02", "OneHot()(Split(-)(listing_date)_1)_03", "OneHot()(Split(-)(listing_date)_1)_04", "OneHot()(Split(-)(listing_date)_1)_05", "OneHot()(Split(-)(listing_date)_1)_06", "OneHot()(Split(-)(listing_date)_1)_07", "OneHot()(Split(-)(listing_date)_1)_08", "OneHot()(Split(-)(listing_date)_1)_09", "OneHot()(Split(-)(listing_date)_1)_10", "OneHot()(Split(-)(listing_date)_1)_11", "OneHot()(Split(-)(listing_date)_1)_12"]}, {"scores": [0.14201230739549908, 0.0032888181858909972, 0.47391350181918346, 0.013674301388085367, 0.0, 0.0, 0.04508005020862226, 0.0, 0.003179112661591816, 0.0003375257771549784, 0.0017151937879649468, 0.004624317062092317, 0.0, 0.01449310944150913, 0.0, 0.02551918453162091, 0.0030612215548768734, 0.05037550773802972, 0.014297490243789283, 0.008091307289718852, 0.0014623632630812356, 0.012112025466135072, 0.00488589695503274, 0.0, 0.0008635798526022353, 0.0, 0.05735867819647791, 0.039475424996930075, 0.00973211025137902, 0.004159628169753979, 0.005190965717781093, 0.003332727427610944, 0.013668350938008483, 0.0, 0.0022587743915746775, 0.0, 0.00015260286399875516, 0.0, 0.0, 0.0, 0.0004914410403851453, 0.013359093584360469, 0.0, 0.0002923319823390185, 0.0023694069898524254, 0.0010882731096652693, 0.0, 0.0029029625118596617, 0.0003767969647036849, 0.0, 0.0013140335872988643, 0.0, 0.0, 0.0, 0.00551772465421078, 0.0, 0.0, 0.0, 0.0, 0.009712660939247114, 0.0, 0.0020008966581245955, 0.002258300401956938],