{"CHCGASelector(iterations=100, population=40, evaluator=FeatureEvaluator(folds=8, max_depth=8, sample=1000))": [{"scores": [0.2087978267503604, 0.0, 0.5751788044250369, 0.0, 0.0, 0.1233560975305735, 0.09266727129402955, 0.0], "columns": ["issue_date", "condition", "color_type", "length(m)", "height(cm)", "X1", "X2", "pet_category"]}, {"scores": [0.004475607886756537, 0.0, 0.4017766365595446, 0.006390936193335965, 0.023834057709440595, 0.19950061707362385, 0.007571816333439166, 0.0, 0.021372281048092835, 0.0, 0.016805162254708936, 0.0013759009203003095, 0.043388196559245, 0.021092059572322047, 0.003074875185453631, 0.01808590488404901, 0.0, 0.14870114654482647, 0.004971118559342414, 0.04240113050921669, 0.0, 0.0009329614889591127, 0.025885642969224243, 0.0, 0.00208671506824116, 0.0030280449119076056, 0.00192315040553377, 0.001326037362435998], "columns": ["issue_date", "condition", "color_type", "length(m)", "height(cm)", "X1", "X2", "pet_category", "Split(-)(issue_date)_0", "Split(-)(issue_date)_1", "Split(-)(issue_date)_2", "Split(-)(listing_date)_0", "Split(-)(listing_date)_1", "Split(:)(listing_date)_0", "Split(:)(listing_date)_1", "Split( )(listing_date)_0", "Split( )(listing_date)_1", "Split( )(color_type)_0", "ExtractNumber(:(?:\\d*[.,]\\d+)|(?:\\d+[.,]?))(?:[Ee][+-)(pet_id)_0", "ExtractNumber(:(?:\\d*[.,]\\d+)|(?:\\d+[.,]?))(?:[Ee][+-)(issue_date)_0", "ExtractNumber((\\d{2}))(issue_date)_0", "ExtractNumber(:(?:\\d*[.,]\\d+)|(?:\\d+[.,]?))(?:[Ee][+-)(listing_date)_0", "ExtractNumber((\\d{2}))(listing_date)_0", "OneHot()(X2)_0", "OneHot()(X2)_1", "OneHot()(X2)_4", "OneHot()(X2)_7", "OneHot()(X2)_9"]}, {"scores": [0.0, 0.0, 0.44536404881381175, 0.0, 0.007395449123468285, 0.2097311256743821, 0.013481238076137547, 0.0, 0.031768647095208116, 0.0, 0.0017603444199606765, 0.0009508323714840511, 0.01738808337047738, 0.00822296173900779, 0.004344593749472466, 0.009830755395940386, 0.008084925600605126, 0.07607037764299857, 0.002128040205111279, 0.04287764652146177, 0.0, 0.00043014028078267155, 0.018920247040792846, 0.0, 0.0037938523319006024, 0.004511514101712624, 0.0, 0.0017902499874431822, 0.0, 0.0003632263553586133, 0.009555316071269039, 0.0, 0.0, 0.0011709555893971697, 0.005848637399198598, 0.0026151008054819693, 0.0, 0.0, 0.0019151377478280683, 0.0, 0.0003376485713438935, 0.0427001473896634, 0.00023699669525168327, 0.00021575438654715355, 0.00035411555878618275, 0.002372998758355663, 0.0002671808396786831, 0.0005795275729289244, 0.006299650891579889, 0.0007635188273987224, 0.000961364444003668, 0.0036212701325879356, 0.0, 0.0, 0.0008338977650545929, 0.0, 0.00047502726160215616, 0.0011722868674753693, 0.005397717124705517, 0.0026742240706246322, 0.00042322533171926295, 0.0, 0.0], "columns": ["issue_date", "condition", "color_type", "length(m)", "height(cm)", "X1", "X2", "pet_category", "Split(-)(issue_date)_0", "Split(-)(issue_date)_1", "Split(-)(issue_date)_2", "Split(-)(listing_date)_0", "Split(-)(listing_date)_1", "Split(:)(listing_date)_0", "Split(:)(listing_date)_1", "Split( )(listing_date)_0", "Split( )(listing_date)_1", "Split( )(color_type)_0", "ExtractNumber(:(?:\\d*[.,]\\d+)|(?:\\d+[.,]?))(?:[Ee][+-)(pet_id)_0", "ExtractNumber(:(?:\\d*[.,]\\d+)|(?:\\d+[.,]?))(?:[Ee][+-)(issue_date)_0", "ExtractNumber((\\d{2}))(issue_date)_0", "ExtractNumber(:(?:\\d*[.,]\\d+)|(?:\\d+[.,]?))(?:[Ee][+-)(listing_date)_0", "ExtractNumber((\\d{2}))(listing_date)_0", "OneHot()(X2)_0", "OneHot()(X2)_1", "OneHot()(X2)_4", "OneHot()(X2)_7", "OneHot()(X2)_9", "Split(:)(Split(-)(listing_date)_2)_0", "Split( )(Split(-)(listing_date)_2)_0", "Split( )(Split(:)(listing_date)_0)_1", "ExtractNumber(:(?:\\d*[.,]\\d+)|(?:\\d+[.,]?))(?:[Ee][+-)(Split(-)(issue_date)_2)_0", "ExtractNumber(:(?:\\d*[.,]\\d+)|(?:\\d+[.,]?))(?:[Ee][+-)(Split(-)(listing_date)_2)_0", "ExtractNumber(:(?:\\d*[.,]\\d+)|(?:\\d+[.,]?))(?:[Ee][+-)(Split(:)(listing_date)_1)_0", "ExtractNumber(:(?:\\d*[.,]\\d+)|(?:\\d+[.,]?))(?:[Ee][+-)(Split( )(listing_date)_1)_0", "OneHot()(Split(-)(issue_date)_1)_01", "OneHot()(Split(-)(issue_date)_1)_02", "OneHot()(Split(-)(issue_date)_1)_03", "OneHot()(Split(-)(issue_date)_1)_04", "OneHot()(Split(-)(issue_date)_1)_05", "OneHot()(Split(-)(issue_date)_1)_06", "OneHot()(Split(-)(issue_date)_1)_07", "OneHot()(Split(-)(issue_date)_1)_08", "OneHot()(Split(-)(issue_date)_1)_09", "OneHot()(Split(-)(issue_date)_1)_10", "OneHot()(Split(-)(issue_date)_1)_11", "OneHot()(Split(-)(issue_date)_1)_12", "OneHot()(Split(-)(listing_date)_0)_2016", "OneHot()(Split(-)(listing_date)_0)_2017", "OneHot()(Split(-)(listing_date)_0)_2018", "OneHot()(Split(-)(listing_date)_0)_2019", "OneHot()(Split(-)(listing_date)_1)_01", "OneHot()(Split(-)(listing_date)_1)_02", "OneHot()(Split(-)(listing_date)_1)_03", "OneHot()(Split(-)(listing_date)_1)_04", "OneHot()(Split(-)(listing_date)_1)_05", "OneHot()(Split(-)(listing_date)_1)_06", "OneHot()(Split(-)(listing_date)_1)_07", "OneHot()(Split(-)(listing_date)_1)_08", "OneHot()(Split(-)(listing_date)_1)_09", "OneHot()(Split(-)(listing_date)_1)_10", "OneHot()(Split(-)(listing_date)_1)_11", "OneHot()(Split(-)(listing_date)_1)_12"]}, {"scores": [0.0, 0.0, 0.36580065315895904, 0.004577311194157263, 0.0014025972101887113, 0.19551340229055097, 0.014801380341573458, 0.0, 0.03146758876378009, 0.0, 0.0, 0.0009410121325061948, 0.0, 0.004691053717418321, 0.002780463723494818, 0.013133556764930582, 0.019945556705238215, 0.20590100683231444, 0.0051495101955558705, 0.028568165791694262, 0.0, 0.0007869220933035425, 0.009570024961608189, 0.0, 0.00048069542030668486, 0.0021264456478361136, 0.0, 0.0037768261394325905, 0.0, 0.0, 0.0051200002504630015, 0.0008187919806875837, 0.0011535320748875461, 0.0045522771483165235, 0.003604002600800118, 0.005658397178848331, 0.0, 0.0, 0.0006135993258722853, 0.0, 0.0003220047644774724, 0.048313466857629286, 0.0015029368960905163, 6.939011194019832e-05, 0.0002360410631927435, 0.0011291799527159798, 0.0, 0.00025874269723526443, 0.001497809086890801, 0.0002473353332119832, 0.0019811684844489434, 0.0015514340508892795, 0.0, 0.0, 0.0027922362958635516, 0.0, 0.00020016210850262167, 0.0019293728989083062, 0.0005676652692471355, 0.0005158490784499158, 0.003242536930573905, 7.187911528486678e-05, 0.0006360153597224828],