{"CHCGASelector(iterations=25, population=40, evaluator=FeatureEvaluator(folds=4, max_depth=4, sample=1000))": [{"scores": [0.0, 0.0, 0.6498516014562353, 0.012026369892300503, 0.003194110720826245, 0.32093585713716, 0.01399206079347834, 0.0], "columns": ["issue_date", "condition", "color_type", "length(m)", "height(cm)", "X1", "X2", "pet_category"]}, {"scores": [0.007860591041976162, 0.0, 0.5283164437478722, 0.002393349647981035, 0.007911884996765213, 0.007565727338153015, 0.0, 0.0, 0.0019342804689819794, 0.0002769049104708875, 0.0, 0.0, 0.0, 0.003206531767414238, 0.003549932942946323, 0.003307550209991876, 0.001736641390576643, 0.09701987945181607, 0.007793568292829735, 0.0007350320187372838, 0.0005468507690839894, 0.0, 0.0, 0.0, 0.0, 0.01387198256942558, 0.31197284843497747, 0.0], "columns": ["issue_date", "condition", "color_type", "length(m)", "height(cm)", "X1", "X2", "pet_category", "Split(-)(issue_date)_0", "Split(-)(issue_date)_1", "Split(-)(issue_date)_2", "Split(-)(listing_date)_0", "Split(-)(listing_date)_1", "Split(:)(listing_date)_0", "Split(:)(listing_date)_1", "Split( )(listing_date)_0", "Split( )(listing_date)_1", "Split( )(color_type)_0", "ExtractNumber(:(?:\\d*[.,]\\d+)|(?:\\d+[.,]?))(?:[Ee][+-)(pet_id)_0", "ExtractNumber(:(?:\\d*[.,]\\d+)|(?:\\d+[.,]?))(?:[Ee][+-)(issue_date)_0", "ExtractNumber((\\d{2}))(issue_date)_0", "ExtractNumber(:(?:\\d*[.,]\\d+)|(?:\\d+[.,]?))(?:[Ee][+-)(listing_date)_0", "ExtractNumber((\\d{2}))(listing_date)_0", "OneHot()(X2)_0", "OneHot()(X2)_1", "OneHot()(X2)_4", "OneHot()(X2)_7", "OneHot()(X2)_9"]}, {"scores": [0.022965264525279055, 0.0, 0.4460137803021835, 0.006533253223217228, 0.0037136073446678093, 0.022811557831509115, 0.00014442837548760482, 0.0, 0.0017798598851261093, 0.0, 0.00012823510745798994, 0.0, 0.0003610560671309172, 0.0029138427567765137, 0.0, 0.0019516529358350352, 0.0, 0.1680598047337878, 0.00845622829951755, 0.001542699284023047, 0.0, 0.0, 0.0, 0.0, 0.0, 0.01638244412394726, 0.2850876885507401, 0.00013157681076975822, 0.005859233940555592, 0.0, 0.0, 0.00010877247529354765, 0.0006855758619764571, 0.004143929243859565, 0.0, 0.0, 0.0, 7.387926453467912e-05, 0.0, 0.0, 0.0, 0.0, 0.0, 0.0, 0.0, 0.0, 0.0, 0.0, 0.0, 0.0, 0.0, 0.0, 0.0, 0.0, 0.0, 0.0, 0.0, 0.0, 0.0001516290563236967, 0.0, 0.0, 0.0, 0.0], "columns": ["issue_date", "condition", "color_type", "length(m)", "height(cm)", "X1", "X2", "pet_category", "Split(-)(issue_date)_0", "Split(-)(issue_date)_1", "Split(-)(issue_date)_2", "Split(-)(listing_date)_0", "Split(-)(listing_date)_1", "Split(:)(listing_date)_0", "Split(:)(listing_date)_1", "Split( )(listing_date)_0", "Split( )(listing_date)_1", "Split( )(color_type)_0", "ExtractNumber(:(?:\\d*[.,]\\d+)|(?:\\d+[.,]?))(?:[Ee][+-)(pet_id)_0", "ExtractNumber(:(?:\\d*[.,]\\d+)|(?:\\d+[.,]?))(?:[Ee][+-)(issue_date)_0", "ExtractNumber((\\d{2}))(issue_date)_0", "ExtractNumber(:(?:\\d*[.,]\\d+)|(?:\\d+[.,]?))(?:[Ee][+-)(listing_date)_0", "ExtractNumber((\\d{2}))(listing_date)_0", "OneHot()(X2)_0", "OneHot()(X2)_1", "OneHot()(X2)_4", "OneHot()(X2)_7", "OneHot()(X2)_9", "Split(:)(Split(-)(listing_date)_2)_0", "Split( )(Split(-)(listing_date)_2)_0", "Split( )(Split(:)(listing_date)_0)_1", "ExtractNumber(:(?:\\d*[.,]\\d+)|(?:\\d+[.,]?))(?:[Ee][+-)(Split(-)(issue_date)_2)_0", "ExtractNumber(:(?:\\d*[.,]\\d+)|(?:\\d+[.,]?))(?:[Ee][+-)(Split(-)(listing_date)_2)_0", "ExtractNumber(:(?:\\d*[.,]\\d+)|(?:\\d+[.,]?))(?:[Ee][+-)(Split(:)(listing_date)_1)_0", "ExtractNumber(:(?:\\d*[.,]\\d+)|(?:\\d+[.,]?))(?:[Ee][+-)(Split( )(listing_date)_1)_0", "OneHot()(Split(-)(issue_date)_1)_01", "OneHot()(Split(-)(issue_date)_1)_02", "OneHot()(Split(-)(issue_date)_1)_03", "OneHot()(Split(-)(issue_date)_1)_04", "OneHot()(Split(-)(issue_date)_1)_05", "OneHot()(Split(-)(issue_date)_1)_06", "OneHot()(Split(-)(issue_date)_1)_07", "OneHot()(Split(-)(issue_date)_1)_08", "OneHot()(Split(-)(issue_date)_1)_09", "OneHot()(Split(-)(issue_date)_1)_10", "OneHot()(Split(-)(issue_date)_1)_11", "OneHot()(Split(-)(issue_date)_1)_12", "OneHot()(Split(-)(listing_date)_0)_2016", "OneHot()(Split(-)(listing_date)_0)_2017", "OneHot()(Split(-)(listing_date)_0)_2018", "OneHot()(Split(-)(listing_date)_0)_2019", "OneHot()(Split(-)(listing_date)_1)_01", "OneHot()(Split(-)(listing_date)_1)_02", "OneHot()(Split(-)(listing_date)_1)_03", "OneHot()(Split(-)(listing_date)_1)_04", "OneHot()(Split(-)(listing_date)_1)_05", "OneHot()(Split(-)(listing_date)_1)_06", "OneHot()(Split(-)(listing_date)_1)_07", "OneHot()(Split(-)(listing_date)_1)_08", "OneHot()(Split(-)(listing_date)_1)_09", "OneHot()(Split(-)(listing_date)_1)_10", "OneHot()(Split(-)(listing_date)_1)_11", "OneHot()(Split(-)(listing_date)_1)_12"]}, {"scores": [0.02320323096440608, 0.0, 0.4505476743235876, 0.0012154268802389919, 0.002513695840291901, 0.022703021274034445, 0.00014447400846564196, 0.0, 0.002275999922600325, 0.0, 0.00020447970414317376, 0.0, 0.0, 0.0025647292094153973, 0.004505615912967782, 0.0022689047699848684, 0.0, 0.16728142098185506, 0.012039531756928809, 0.0014336893471845159, 0.0, 0.0, 7.698579117942008e-05, 0.0, 0.0, 0.013945330239578684, 0.2879839007268982, 0.00013122464313206666, 0.0010800923777756308, 0.00031870860507261827, 0.0, 0.00021220089887234538, 0.0, 0.0023469156395949627, 0.0, 0.0, 0.0, 0.0, 0.0, 0.0, 0.0, 0.0, 0.0, 0.0, 0.0, 0.0, 0.0002766171499460024, 0.0, 0.0, 0.0, 0.0, 0.0, 0.0003801740639242831, 0.0, 0.0001949362005619623, 0.0, 0.0, 0.0, 0.00015101876735925394, 0.0, 0.0, 0.0, 0.0],