{"CHCGASelector(iterations=50, population=40, evaluator=FeatureEvaluator(folds=4, max_depth=8, sample=500))": [{"scores": [0.0, 0.0, 0.46189665880569175, 0.08574550230501055, 0.07640234340250018, 0.28049167777801703, 0.09546381770878022, 0.0], "columns": ["issue_date", "condition", "color_type", "length(m)", "height(cm)", "X1", "X2", "pet_category"]}, {"scores": [0.0, 0.0029638525779125137, 0.38214274719102403, 0.03307858769316441, 0.013864656062413447, 0.17836085318896291, 0.01812791575569842, 0.0, 0.009704731005225526, 0.001412930949655439, 0.014975280931974701, 0.0042545315156956144, 0.022813653172729428, 0.026966766248708744, 0.01410460712907995, 0.011357212686356236, 0.03273201247985321, 0.07537959068633927, 0.0289461991069058, 0.004648283587583322, 0.0, 0.003275355428251356, 0.027271448482380983, 0.0, 0.0014778404830693534, 0.02946599303635318, 0.05669785808866017, 0.005977092512001905], "columns": ["issue_date", "condition", "color_type", "length(m)", "height(cm)", "X1", "X2", "pet_category", "Split(-)(issue_date)_0", "Split(-)(issue_date)_1", "Split(-)(issue_date)_2", "Split(-)(listing_date)_0", "Split(-)(listing_date)_1", "Split(:)(listing_date)_0", "Split(:)(listing_date)_1", "Split( )(listing_date)_0", "Split( )(listing_date)_1", "Split( )(color_type)_0", "ExtractNumber(:(?:\\d*[.,]\\d+)|(?:\\d+[.,]?))(?:[Ee][+-)(pet_id)_0", "ExtractNumber(:(?:\\d*[.,]\\d+)|(?:\\d+[.,]?))(?:[Ee][+-)(issue_date)_0", "ExtractNumber((\\d{2}))(issue_date)_0", "ExtractNumber(:(?:\\d*[.,]\\d+)|(?:\\d+[.,]?))(?:[Ee][+-)(listing_date)_0", "ExtractNumber((\\d{2}))(listing_date)_0", "OneHot()(X2)_0", "OneHot()(X2)_1", "OneHot()(X2)_4", "OneHot()(X2)_7", "OneHot()(X2)_9"]}, {"scores": [0.0446653268760712, 0.00486750714406373, 0.43877709652280067, 0.01218926734478617, 0.0, 0.0, 0.0347219433467555, 0.0, 0.03775230858583097, 0.0007119736324975898, 0.007252295305578232, 0.0018500812121285959, 0.011534537452378294, 0.014030700507489169, 0.001232746082478271, 0.028628900274706614, 0.0016441179289663347, 0.10150983211495644, 0.017231099601010484, 0.03629487664582061, 0.0008675381992795957, 0.0017810635425582963, 0.014891951555959845, 0.0, 0.00034344848418525005, 0.001273104057196553, 0.05387834259832138, 0.04263124512803768, 0.016797897622428067, 0.0068565554829159905, 0.0023991890656556115, 0.011210309947734384, 0.009843858231548229, 0.00012416636545703783, 0.0009478510256741803, 0.0, 0.0, 0.001430235145656525, 9.401533334234227e-05, 0.0009828801829865938, 0.0, 0.010791099518913045, 0.0, 0.0002619783075756047, 0.0011088042431683903, 0.004180065803452102, 0.002283832638690237, 0.002218653003695028, 0.00029614956065891393, 0.0001011754112106538, 0.002142191062182775, 0.0, 0.0004226193730185537, 0.0, 0.0078297357800572, 0.00023271427359234916, 0.0004197780683128968, 0.0, 0.0028005983734773906, 0.0026234988346132086, 0.0, 0.0002585397220629975, 0.000780303478062238], "columns": ["issue_date", "condition", "color_type", "length(m)", "height(cm)", "X1", "X2", "pet_category", "Split(-)(issue_date)_0", "Split(-)(issue_date)_1", "Split(-)(issue_date)_2", "Split(-)(listing_date)_0", "Split(-)(listing_date)_1", "Split(:)(listing_date)_0", "Split(:)(listing_date)_1", "Split( )(listing_date)_0", "Split( )(listing_date)_1", "Split( )(color_type)_0", "ExtractNumber(:(?:\\d*[.,]\\d+)|(?:\\d+[.,]?))(?:[Ee][+-)(pet_id)_0", "ExtractNumber(:(?:\\d*[.,]\\d+)|(?:\\d+[.,]?))(?:[Ee][+-)(issue_date)_0", "ExtractNumber((\\d{2}))(issue_date)_0", "ExtractNumber(:(?:\\d*[.,]\\d+)|(?:\\d+[.,]?))(?:[Ee][+-)(listing_date)_0", "ExtractNumber((\\d{2}))(listing_date)_0", "OneHot()(X2)_0", "OneHot()(X2)_1", "OneHot()(X2)_4", "OneHot()(X2)_7", "OneHot()(X2)_9", "Split(:)(Split(-)(listing_date)_2)_0", "Split( )(Split(-)(listing_date)_2)_0", "Split( )(Split(:)(listing_date)_0)_1", "ExtractNumber(:(?:\\d*[.,]\\d+)|(?:\\d+[.,]?))(?:[Ee][+-)(Split(-)(issue_date)_2)_0", "ExtractNumber(:(?:\\d*[.,]\\d+)|(?:\\d+[.,]?))(?:[Ee][+-)(Split(-)(listing_date)_2)_0", "ExtractNumber(:(?:\\d*[.,]\\d+)|(?:\\d+[.,]?))(?:[Ee][+-)(Split(:)(listing_date)_1)_0", "ExtractNumber(:(?:\\d*[.,]\\d+)|(?:\\d+[.,]?))(?:[Ee][+-)(Split( )(listing_date)_1)_0", "OneHot()(Split(-)(issue_date)_1)_01", "OneHot()(Split(-)(issue_date)_1)_02", "OneHot()(Split(-)(issue_date)_1)_03", "OneHot()(Split(-)(issue_date)_1)_04", "OneHot()(Split(-)(issue_date)_1)_05", "OneHot()(Split(-)(issue_date)_1)_06", "OneHot()(Split(-)(issue_date)_1)_07", "OneHot()(Split(-)(issue_date)_1)_08", "OneHot()(Split(-)(issue_date)_1)_09", "OneHot()(Split(-)(issue_date)_1)_10", "OneHot()(Split(-)(issue_date)_1)_11", "OneHot()(Split(-)(issue_date)_1)_12", "OneHot()(Split(-)(listing_date)_0)_2016", "OneHot()(Split(-)(listing_date)_0)_2017", "OneHot()(Split(-)(listing_date)_0)_2018", "OneHot()(Split(-)(listing_date)_0)_2019", "OneHot()(Split(-)(listing_date)_1)_01", "OneHot()(Split(-)(listing_date)_1)_02", "OneHot()(Split(-)(listing_date)_1)_03", "OneHot()(Split(-)(listing_date)_1)_04", "OneHot()(Split(-)(listing_date)_1)_05", "OneHot()(Split(-)(listing_date)_1)_06", "OneHot()(Split(-)(listing_date)_1)_07", "OneHot()(Split(-)(listing_date)_1)_08", "OneHot()(Split(-)(listing_date)_1)_09", "OneHot()(Split(-)(listing_date)_1)_10", "OneHot()(Split(-)(listing_date)_1)_11", "OneHot()(Split(-)(listing_date)_1)_12"]}, {"scores": [0.12014271513565714, 0.005103959474568223, 0.4590459359006196, 0.008164683965379215, 0.0004457813019174367, 0.0, 0.06314302723527565, 0.0, 0.004615346391036182, 0.0015892962379924274, 0.005815006686405899, 0.013396555928921328, 0.0025074755708403445, 0.010213148880488172, 0.001279720954481951, 0.004605155896600146, 0.004346069081144643, 0.0651763552998751, 0.018694211269644132, 0.013996009480188256, 0.003016728519667767, 0.0020968774009341826, 0.0032777662796709644, 0.0, 0.0008197792136554282, 0.004144727180205627, 0.05571251300802763, 0.030361189408903803, 0.00825738470763185, 0.008824230715922587, 0.002090019136982648, 0.011760711908186637, 0.010888032053168075, 0.0007717538144260816, 0.0003302716610301752, 0.0, 0.00013545781817164983, 0.00045421405340864636, 0.0, 0.0002532399366416676, 0.0003722187189571429, 0.013797888361347821, 0.00018884416898077582, 0.00028844658844974665, 0.0007130671275724083, 0.008042027192779761, 0.0007684287416370575, 0.005915704178795362, 0.00153192391325028, 0.00011913232931798316, 0.003840910066196614, 0.0, 0.0, 0.001969285798727377, 0.0052630820233935715, 0.0, 0.00022794539798853496, 0.0, 0.0, 0.010475467938085674, 0.0, 0.000205644928114208, 0.0008046310187342104],