{"CHCGASelector(iterations=50, population=40, evaluator=FeatureEvaluator(folds=8, max_depth=8, sample=500))": [{"scores": [0.0, 0.0, 0.46189665880569186, 0.08574550230501056, 0.0764023434025002, 0.28049167777801665, 0.09546381770878024, 0.0], "columns": ["issue_date", "condition", "color_type", "length(m)", "height(cm)", "X1", "X2", "pet_category"]}, {"scores": [0.0, 0.0029638525779125137, 0.38214274719102403, 0.03307858769316441, 0.013864656062413447, 0.17836085318896294, 0.01812791575569842, 0.0, 0.009704731005225524, 0.0014129309496554389, 0.014975280931974701, 0.0042545315156956144, 0.022813653172729428, 0.026966766248708744, 0.01410460712907995, 0.011357212686356234, 0.032732012479853204, 0.07537959068633929, 0.028946199106905792, 0.004648283587583322, 0.0, 0.003275355428251356, 0.027271448482380983, 0.0, 0.0014778404830693534, 0.02946599303635318, 0.05669785808866017, 0.005977092512001906], "columns": ["issue_date", "condition", "color_type", "length(m)", "height(cm)", "X1", "X2", "pet_category", "Split(-)(issue_date)_0", "Split(-)(issue_date)_1", "Split(-)(issue_date)_2", "Split(-)(listing_date)_0", "Split(-)(listing_date)_1", "Split(:)(listing_date)_0", "Split(:)(listing_date)_1", "Split( )(listing_date)_0", "Split( )(listing_date)_1", "Split( )(color_type)_0", "ExtractNumber(:(?:\\d*[.,]\\d+)|(?:\\d+[.,]?))(?:[Ee][+-)(pet_id)_0", "ExtractNumber(:(?:\\d*[.,]\\d+)|(?:\\d+[.,]?))(?:[Ee][+-)(issue_date)_0", "ExtractNumber((\\d{2}))(issue_date)_0", "ExtractNumber(:(?:\\d*[.,]\\d+)|(?:\\d+[.,]?))(?:[Ee][+-)(listing_date)_0", "ExtractNumber((\\d{2}))(listing_date)_0", "OneHot()(X2)_0", "OneHot()(X2)_1", "OneHot()(X2)_4", "OneHot()(X2)_7", "OneHot()(X2)_9"]}, {"scores": [0.0446653268760712, 0.00486750714406373, 0.43877709652280067, 0.01218926734478617, 0.0, 0.0, 0.0347219433467555, 0.0, 0.03775230858583097, 0.0007119736324975898, 0.007252295305578232, 0.0018500812121285959, 0.011534537452378294, 0.014030700507489167, 0.001232746082478271, 0.028628900274706614, 0.0016441179289663347, 0.10150983211495644, 0.017231099601010484, 0.03629487664582061, 0.0008675381992795957, 0.0017810635425582963, 0.014891951555959841, 0.0, 0.00034344848418525, 0.0012731040571965528, 0.05387834259832139, 0.04263124512803768, 0.016797897622428067, 0.006856555482915992, 0.0023991890656556115, 0.011210309947734384, 0.009843858231548229, 0.00012416636545703783, 0.0009478510256741801, 0.0, 0.0, 0.0014302351456565252, 9.401533334234228e-05, 0.0009828801829865938, 0.0, 0.010791099518913043, 0.0, 0.0002619783075756047, 0.0011088042431683903, 0.004180065803452101, 0.002283832638690237, 0.002218653003695028, 0.00029614956065891393, 0.0001011754112106538, 0.002142191062182775, 0.0, 0.0004226193730185537, 0.0, 0.0078297357800572, 0.0002327142735923492, 0.0004197780683128968, 0.0, 0.0028005983734773906, 0.002623498834613209, 0.0, 0.00025853972206299746, 0.000780303478062238], "columns": ["issue_date", "condition", "color_type", "length(m)", "height(cm)", "X1", "X2", "pet_category", "Split(-)(issue_date)_0", "Split(-)(issue_date)_1", "Split(-)(issue_date)_2", "Split(-)(listing_date)_0", "Split(-)(listing_date)_1", "Split(:)(listing_date)_0", "Split(:)(listing_date)_1", "Split( )(listing_date)_0", "Split( )(listing_date)_1", "Split( )(color_type)_0", "ExtractNumber(:(?:\\d*[.,]\\d+)|(?:\\d+[.,]?))(?:[Ee][+-)(pet_id)_0", "ExtractNumber(:(?:\\d*[.,]\\d+)|(?:\\d+[.,]?))(?:[Ee][+-)(issue_date)_0", "ExtractNumber((\\d{2}))(issue_date)_0", "ExtractNumber(:(?:\\d*[.,]\\d+)|(?:\\d+[.,]?))(?:[Ee][+-)(listing_date)_0", "ExtractNumber((\\d{2}))(listing_date)_0", "OneHot()(X2)_0", "OneHot()(X2)_1", "OneHot()(X2)_4", "OneHot()(X2)_7", "OneHot()(X2)_9", "Split(:)(Split(-)(listing_date)_2)_0", "Split( )(Split(-)(listing_date)_2)_0", "Split( )(Split(:)(listing_date)_0)_1", "ExtractNumber(:(?:\\d*[.,]\\d+)|(?:\\d+[.,]?))(?:[Ee][+-)(Split(-)(issue_date)_2)_0", "ExtractNumber(:(?:\\d*[.,]\\d+)|(?:\\d+[.,]?))(?:[Ee][+-)(Split(-)(listing_date)_2)_0", "ExtractNumber(:(?:\\d*[.,]\\d+)|(?:\\d+[.,]?))(?:[Ee][+-)(Split(:)(listing_date)_1)_0", "ExtractNumber(:(?:\\d*[.,]\\d+)|(?:\\d+[.,]?))(?:[Ee][+-)(Split( )(listing_date)_1)_0", "OneHot()(Split(-)(issue_date)_1)_01", "OneHot()(Split(-)(issue_date)_1)_02", "OneHot()(Split(-)(issue_date)_1)_03", "OneHot()(Split(-)(issue_date)_1)_04", "OneHot()(Split(-)(issue_date)_1)_05", "OneHot()(Split(-)(issue_date)_1)_06", "OneHot()(Split(-)(issue_date)_1)_07", "OneHot()(Split(-)(issue_date)_1)_08", "OneHot()(Split(-)(issue_date)_1)_09", "OneHot()(Split(-)(issue_date)_1)_10", "OneHot()(Split(-)(issue_date)_1)_11", "OneHot()(Split(-)(issue_date)_1)_12", "OneHot()(Split(-)(listing_date)_0)_2016", "OneHot()(Split(-)(listing_date)_0)_2017", "OneHot()(Split(-)(listing_date)_0)_2018", "OneHot()(Split(-)(listing_date)_0)_2019", "OneHot()(Split(-)(listing_date)_1)_01", "OneHot()(Split(-)(listing_date)_1)_02", "OneHot()(Split(-)(listing_date)_1)_03", "OneHot()(Split(-)(listing_date)_1)_04", "OneHot()(Split(-)(listing_date)_1)_05", "OneHot()(Split(-)(listing_date)_1)_06", "OneHot()(Split(-)(listing_date)_1)_07", "OneHot()(Split(-)(listing_date)_1)_08", "OneHot()(Split(-)(listing_date)_1)_09", "OneHot()(Split(-)(listing_date)_1)_10", "OneHot()(Split(-)(listing_date)_1)_11", "OneHot()(Split(-)(listing_date)_1)_12"]}, {"scores": [0.12014271513565715, 0.005103959474568225, 0.45904593590061976, 0.008164683965379218, 0.0004457813019174368, 0.0, 0.06314302723527566, 0.0, 0.004615346391036182, 0.001589296237992428, 0.0058150066864059, 0.01339655592892133, 0.002507475570840345, 0.010213148880488174, 0.0012797209544819514, 0.004605155896600147, 0.004346069081144644, 0.06517635529987512, 0.018694211269644136, 0.013996009480188261, 0.003016728519667768, 0.0020968774009341826, 0.003277766279670965, 0.0, 0.0008197792136554283, 0.004144727180205629, 0.055712513008027646, 0.03036118940890381, 0.00825738470763185, 0.00882423071592259, 0.002090019136982648, 0.01176071190818664, 0.010888032053168078, 0.0007717538144260818, 0.00033027166103017524, 0.0, 0.00013545781817164986, 0.0004542140534086464, 0.0, 0.00025323993664166765, 0.00037221871895714296, 0.013797888361347824, 0.00018884416898077587, 0.0002884465884497467, 0.0007130671275724082, 0.008042027192779763, 0.0007684287416370576, 0.005915704178795364, 0.0015319239132502807, 0.00011913232931798319, 0.003840910066196615, 0.0, 0.0, 0.001969285798727377, 0.005263082023393572, 0.0, 0.00022794539798853502, 0.0, 0.0, 0.010475467938085676, 0.0, 0.00020564492811420804, 0.0008046310187342104],