{"CHCGASelector(iterations=25, population=40, evaluator=FeatureEvaluator(folds=4, max_depth=8, sample=1000))": [{"scores": [0.2188398198452723, 0.0, 0.5513268395236802, 0.0, 0.0, 0.17886634141933155, 0.050966999211716255, 0.0], "columns": ["issue_date", "condition", "color_type", "length(m)", "height(cm)", "X1", "X2", "pet_category"]}, {"scores": [0.02971860452297485, 0.0, 0.43415575050005156, 0.01433259769988165, 0.0, 0.1549276799480681, 0.009857737757819694, 0.0, 0.0384936856878723, 0.0, 0.015115573593212916, 0.002167912091148132, 0.0181887119925256, 0.029520598625598683, 0.011756292276080571, 0.014746148591095026, 0.012918455226276597, 0.0918182307683, 0.008684799523591464, 0.032277561862774626, 0.0012945443824709949, 0.005115409026847723, 0.02286133027885451, 0.0, 0.005604239642570819, 0.01903609843215379, 0.025454890993188782, 0.00195314657664169], "columns": ["issue_date", "condition", "color_type", "length(m)", "height(cm)", "X1", "X2", "pet_category", "Split(-)(issue_date)_0", "Split(-)(issue_date)_1", "Split(-)(issue_date)_2", "Split(-)(listing_date)_0", "Split(-)(listing_date)_1", "Split(:)(listing_date)_0", "Split(:)(listing_date)_1", "Split( )(listing_date)_0", "Split( )(listing_date)_1", "Split( )(color_type)_0", "ExtractNumber(:(?:\\d*[.,]\\d+)|(?:\\d+[.,]?))(?:[Ee][+-)(pet_id)_0", "ExtractNumber(:(?:\\d*[.,]\\d+)|(?:\\d+[.,]?))(?:[Ee][+-)(issue_date)_0", "ExtractNumber((\\d{2}))(issue_date)_0", "ExtractNumber(:(?:\\d*[.,]\\d+)|(?:\\d+[.,]?))(?:[Ee][+-)(listing_date)_0", "ExtractNumber((\\d{2}))(listing_date)_0", "OneHot()(X2)_0", "OneHot()(X2)_1", "OneHot()(X2)_4", "OneHot()(X2)_7", "OneHot()(X2)_9"]}, {"scores": [0.05032987729013858, 0.0012294010479050167, 0.35874556121437046, 0.00393336059034342, 0.009295472315455055, 0.13251016778822855, 0.011909192570501057, 0.0, 0.01185979285720467, 0.00045848083131991096, 0.01106808527546725, 0.0008415649214421846, 0.010404897042499988, 0.025663102538076528, 0.005654427449007134, 0.005581770495151001, 0.011061887642560721, 0.13781194995466697, 0.005232957354005089, 0.014225367198359843, 6.948488559511901e-05, 0.0020099523667666376, 0.019370846169059177, 0.0, 0.0033401907003081316, 0.013248469175674104, 0.03670941699917813, 0.0030480636787361946, 0.015984078495025693, 0.0030771112951483853, 0.010975297407988705, 0.003185575142893099, 0.006106624839444241, 0.00647531367504647, 0.0035939855411975773, 0.0007967633512416061, 0.0003931587480673968, 0.0013930746767609479, 0.0006735597003235177, 0.000598593248867431, 0.0016473983209071529, 0.035164392874070374, 0.0003244295942446067, 0.0002443903857794408, 0.0004913360491901648, 0.0026373690564371784, 0.00038896578063366157, 0.0007836021060960639, 0.001195491749193566, 0.00017772132292764184, 0.0006140520911615462, 0.002823971777017627, 0.0005885422824423162, 0.0, 0.00038303900751495784, 9.665962600590709e-05, 0.000705726818322344, 0.00019765515338539342, 0.0012433551299332087, 0.0038099312767507065, 0.004564796327113663, 0.002804502419107892, 0.0002457943777387334], "columns": ["issue_date", "condition", "color_type", "length(m)", "height(cm)", "X1", "X2", "pet_category", "Split(-)(issue_date)_0", "Split(-)(issue_date)_1", "Split(-)(issue_date)_2", "Split(-)(listing_date)_0", "Split(-)(listing_date)_1", "Split(:)(listing_date)_0", "Split(:)(listing_date)_1", "Split( )(listing_date)_0", "Split( )(listing_date)_1", "Split( )(color_type)_0", "ExtractNumber(:(?:\\d*[.,]\\d+)|(?:\\d+[.,]?))(?:[Ee][+-)(pet_id)_0", "ExtractNumber(:(?:\\d*[.,]\\d+)|(?:\\d+[.,]?))(?:[Ee][+-)(issue_date)_0", "ExtractNumber((\\d{2}))(issue_date)_0", "ExtractNumber(:(?:\\d*[.,]\\d+)|(?:\\d+[.,]?))(?:[Ee][+-)(listing_date)_0", "ExtractNumber((\\d{2}))(listing_date)_0", "OneHot()(X2)_0", "OneHot()(X2)_1", "OneHot()(X2)_4", "OneHot()(X2)_7", "OneHot()(X2)_9", "Split(:)(Split(-)(listing_date)_2)_0", "Split( )(Split(-)(listing_date)_2)_0", "Split( )(Split(:)(listing_date)_0)_1", "ExtractNumber(:(?:\\d*[.,]\\d+)|(?:\\d+[.,]?))(?:[Ee][+-)(Split(-)(issue_date)_2)_0", "ExtractNumber(:(?:\\d*[.,]\\d+)|(?:\\d+[.,]?))(?:[Ee][+-)(Split(-)(listing_date)_2)_0", "ExtractNumber(:(?:\\d*[.,]\\d+)|(?:\\d+[.,]?))(?:[Ee][+-)(Split(:)(listing_date)_1)_0", "ExtractNumber(:(?:\\d*[.,]\\d+)|(?:\\d+[.,]?))(?:[Ee][+-)(Split( )(listing_date)_1)_0", "OneHot()(Split(-)(issue_date)_1)_01", "OneHot()(Split(-)(issue_date)_1)_02", "OneHot()(Split(-)(issue_date)_1)_03", "OneHot()(Split(-)(issue_date)_1)_04", "OneHot()(Split(-)(issue_date)_1)_05", "OneHot()(Split(-)(issue_date)_1)_06", "OneHot()(Split(-)(issue_date)_1)_07", "OneHot()(Split(-)(issue_date)_1)_08", "OneHot()(Split(-)(issue_date)_1)_09", "OneHot()(Split(-)(issue_date)_1)_10", "OneHot()(Split(-)(issue_date)_1)_11", "OneHot()(Split(-)(issue_date)_1)_12", "OneHot()(Split(-)(listing_date)_0)_2016", "OneHot()(Split(-)(listing_date)_0)_2017", "OneHot()(Split(-)(listing_date)_0)_2018", "OneHot()(Split(-)(listing_date)_0)_2019", "OneHot()(Split(-)(listing_date)_1)_01", "OneHot()(Split(-)(listing_date)_1)_02", "OneHot()(Split(-)(listing_date)_1)_03", "OneHot()(Split(-)(listing_date)_1)_04", "OneHot()(Split(-)(listing_date)_1)_05", "OneHot()(Split(-)(listing_date)_1)_06", "OneHot()(Split(-)(listing_date)_1)_07", "OneHot()(Split(-)(listing_date)_1)_08", "OneHot()(Split(-)(listing_date)_1)_09", "OneHot()(Split(-)(listing_date)_1)_10", "OneHot()(Split(-)(listing_date)_1)_11", "OneHot()(Split(-)(listing_date)_1)_12"]}, {"scores": [0.005436180295173296, 0.0018185810863574543, 0.43287894888376605, 0.0, 0.0021764885723128667, 0.1561636106486281, 0.007843058916992727, 0.0, 0.026004327590735545, 0.0, 0.010918184867570995, 0.00039467300533101884, 0.008439308611829302, 0.013296902656798825, 0.008613572678336321, 0.009005228252558594, 0.005310761937181297, 0.10194718914584906, 0.003521706399967186, 0.027461814573609376, 0.0, 0.002275002095903358, 0.010355931754137359, 0.0, 0.002905181456855104, 0.01404586010973625, 0.015075184019326495, 0.0022399232662867956, 0.008135320419241384, 0.006420505307033759, 0.01792301729264956, 0.011219105977004025, 0.007879431382713777, 0.005156201140497369, 0.00666745196206305, 0.0006165899277758461, 9.161894604877663e-05, 0.0, 0.0010979182287057813, 0.00042918315183400384, 0.0026421636361806428, 0.040567146030330466, 0.0007237750192141131, 0.00023299598694204396, 0.0003153252864564262, 0.002681303923272477, 0.00021414291084678145, 0.0005681710082469254, 0.002074629721857859, 0.00015827730428170556, 0.0005634791604333954, 0.004426014380375339, 8.35267856497335e-05, 0.0, 0.00033926256820458994, 0.0, 0.00010052586237671246, 0.0003406029939925341, 0.0015098526796586656, 0.0020857845643774374, 0.0033833971853874188, 0.0029418652253181085, 0.00028379320578592645],