{"CHCGASelector(iterations=25, population=40, evaluator=FeatureEvaluator(folds=4, max_depth=8, sample=500))": [{"scores": [0.0, 0.0, 0.5002596502315465, 0.028328825290376128, 0.09113572975828549, 0.2672521957115594, 0.11302359900823206, 0.0], "columns": ["issue_date", "condition", "color_type", "length(m)", "height(cm)", "X1", "X2", "pet_category"]}, {"scores": [0.0192454550350956, 0.003406030729084053, 0.44974094177574403, 0.014714121409171782, 0.002723528570119859, 0.004453020909473072, 0.055042021649954004, 0.0, 0.053562278504085806, 0.006131825594283706, 0.00444918575014363, 0.004612821591689424, 0.010255500946130147, 0.03376042030087944, 0.004111304997324699, 0.026688626755098515, 0.017591446406730365, 0.06548852148939378, 0.02130882886525975, 0.05267110446784677, 0.005275337436659158, 0.004942330761071229, 0.02100256137423756, 0.0, 0.0061725912669913325, 0.04852709730809687, 0.039939633610832526, 0.024183462494602927], "columns": ["issue_date", "condition", "color_type", "length(m)", "height(cm)", "X1", "X2", "pet_category", "Split(-)(issue_date)_0", "Split(-)(issue_date)_1", "Split(-)(issue_date)_2", "Split(-)(listing_date)_0", "Split(-)(listing_date)_1", "Split(:)(listing_date)_0", "Split(:)(listing_date)_1", "Split( )(listing_date)_0", "Split( )(listing_date)_1", "Split( )(color_type)_0", "ExtractNumber(:(?:\\d*[.,]\\d+)|(?:\\d+[.,]?))(?:[Ee][+-)(pet_id)_0", "ExtractNumber(:(?:\\d*[.,]\\d+)|(?:\\d+[.,]?))(?:[Ee][+-)(issue_date)_0", "ExtractNumber((\\d{2}))(issue_date)_0", "ExtractNumber(:(?:\\d*[.,]\\d+)|(?:\\d+[.,]?))(?:[Ee][+-)(listing_date)_0", "ExtractNumber((\\d{2}))(listing_date)_0", "OneHot()(X2)_0", "OneHot()(X2)_1", "OneHot()(X2)_4", "OneHot()(X2)_7", "OneHot()(X2)_9"]}, {"scores": [0.056826181446220016, 0.007280149150507714, 0.45636102991905625, 0.022537436982615754, 0.0, 0.0035359002492814386, 0.042758547531873844, 0.0, 0.03248024323050217, 0.0015267148200709731, 0.004927059312179395, 0.0006622059721943311, 0.0033960152625713354, 0.0339892818589341, 0.003107104806017929, 0.012534650617910878, 0.0014960072673286123, 0.0809956934858377, 0.009605371508083122, 0.026145547263587223, 0.003849573631110327, 0.0004498997908927302, 0.0070522174728010955, 0.0, 0.000689708205598024, 0.0014621101486945428, 0.052579739386709186, 0.03814620503686254, 0.015485899915694375, 0.016575824548739532, 0.004478231126538231, 0.011035389261363012, 0.009188980501386567, 0.0035464571120024926, 0.001361370980788251, 0.0002495655582718333, 0.0, 0.0015271740461353003, 0.0, 0.0004971505436010569, 0.0001527512836547683, 0.007190919602941319, 0.0001567602696388284, 0.0, 0.0, 0.003559774968708737, 0.002107189725351303, 0.000976789529062109, 0.002736615219791674, 0.000490551379329936, 0.001605907943520655, 0.0, 0.0, 0.0, 0.003894908353420528, 0.0, 0.0004554284788654654, 0.0002956406573544922, 0.004017690462290264, 0.0014932560917650431, 0.00014824468442737037, 0.0002667959486844086, 0.0021101374492313993], "columns": ["issue_date", "condition", "color_type", "length(m)", "height(cm)", "X1", "X2", "pet_category", "Split(-)(issue_date)_0", "Split(-)(issue_date)_1", "Split(-)(issue_date)_2", "Split(-)(listing_date)_0", "Split(-)(listing_date)_1", "Split(:)(listing_date)_0", "Split(:)(listing_date)_1", "Split( )(listing_date)_0", "Split( )(listing_date)_1", "Split( )(color_type)_0", "ExtractNumber(:(?:\\d*[.,]\\d+)|(?:\\d+[.,]?))(?:[Ee][+-)(pet_id)_0", "ExtractNumber(:(?:\\d*[.,]\\d+)|(?:\\d+[.,]?))(?:[Ee][+-)(issue_date)_0", "ExtractNumber((\\d{2}))(issue_date)_0", "ExtractNumber(:(?:\\d*[.,]\\d+)|(?:\\d+[.,]?))(?:[Ee][+-)(listing_date)_0", "ExtractNumber((\\d{2}))(listing_date)_0", "OneHot()(X2)_0", "OneHot()(X2)_1", "OneHot()(X2)_4", "OneHot()(X2)_7", "OneHot()(X2)_9", "Split(:)(Split(-)(listing_date)_2)_0", "Split( )(Split(-)(listing_date)_2)_0", "Split( )(Split(:)(listing_date)_0)_1", "ExtractNumber(:(?:\\d*[.,]\\d+)|(?:\\d+[.,]?))(?:[Ee][+-)(Split(-)(issue_date)_2)_0", "ExtractNumber(:(?:\\d*[.,]\\d+)|(?:\\d+[.,]?))(?:[Ee][+-)(Split(-)(listing_date)_2)_0", "ExtractNumber(:(?:\\d*[.,]\\d+)|(?:\\d+[.,]?))(?:[Ee][+-)(Split(:)(listing_date)_1)_0", "ExtractNumber(:(?:\\d*[.,]\\d+)|(?:\\d+[.,]?))(?:[Ee][+-)(Split( )(listing_date)_1)_0", "OneHot()(Split(-)(issue_date)_1)_01", "OneHot()(Split(-)(issue_date)_1)_02", "OneHot()(Split(-)(issue_date)_1)_03", "OneHot()(Split(-)(issue_date)_1)_04", "OneHot()(Split(-)(issue_date)_1)_05", "OneHot()(Split(-)(issue_date)_1)_06", "OneHot()(Split(-)(issue_date)_1)_07", "OneHot()(Split(-)(issue_date)_1)_08", "OneHot()(Split(-)(issue_date)_1)_09", "OneHot()(Split(-)(issue_date)_1)_10", "OneHot()(Split(-)(issue_date)_1)_11", "OneHot()(Split(-)(issue_date)_1)_12", "OneHot()(Split(-)(listing_date)_0)_2016", "OneHot()(Split(-)(listing_date)_0)_2017", "OneHot()(Split(-)(listing_date)_0)_2018", "OneHot()(Split(-)(listing_date)_0)_2019", "OneHot()(Split(-)(listing_date)_1)_01", "OneHot()(Split(-)(listing_date)_1)_02", "OneHot()(Split(-)(listing_date)_1)_03", "OneHot()(Split(-)(listing_date)_1)_04", "OneHot()(Split(-)(listing_date)_1)_05", "OneHot()(Split(-)(listing_date)_1)_06", "OneHot()(Split(-)(listing_date)_1)_07", "OneHot()(Split(-)(listing_date)_1)_08", "OneHot()(Split(-)(listing_date)_1)_09", "OneHot()(Split(-)(listing_date)_1)_10", "OneHot()(Split(-)(listing_date)_1)_11", "OneHot()(Split(-)(listing_date)_1)_12"]}, {"scores": [0.11295736032287113, 0.00552819338159822, 0.4296613853735526, 0.02989656430311769, 0.0, 0.003385419508762698, 0.043822771210221656, 0.0, 0.004893927447108344, 0.0010982103459584729, 0.009735553702702272, 0.004816499967318512, 0.018371167027147854, 0.014505661633917859, 0.0010559614232392679, 0.012138031731846988, 0.002428003755843006, 0.0894402973674997, 0.008146517746941423, 0.01409000982285933, 0.002064993533505309, 0.004402312808485882, 0.009548949773169425, 0.0, 0.00045971388628115637, 0.0005311245285650396, 0.05435845956612572, 0.02864096025902189, 0.005547524939040694, 0.01367841487267804, 0.002528392579802303, 0.010648612498204472, 0.016297347788052377, 0.0027161525622960117, 0.0030521703250685835, 0.0, 0.0, 0.00010722239907042922, 0.00010743483933938207, 0.0005628737392455527, 0.0004825870403414434, 0.009697699380782831, 0.00017062581798701074, 0.0005727742666407283, 0.00011857418239082477, 0.003383413741451208, 0.00036157012560145515, 0.006075218631664062, 0.0019532308645438083, 0.0, 0.0009101635647774084, 0.0, 0.0, 0.002957282969388959, 0.002853977038158306, 0.0, 0.0, 0.0, 0.00175893022235614, 0.005003365276664818, 0.0, 0.0013714978289008002, 0.0011048920778909985],