{"SamplingSelector(iterations=400, evaluator=FeatureEvaluator(folds=8, max_depth=8, sample=1000))": [{"scores": [0.1611383764679379, 0.03158076252636569, 0.3719620379290174, 0.0735729222796705, 0.08758444591652194, 0.16327744056688262, 0.11088401431360428, 0.0], "columns": ["issue_date", "condition", "color_type", "length(m)", "height(cm)", "X1", "X2", "pet_category"]}, {"scores": [0.1040314944666675, 0.006622852035666751, 0.18373750553751936, 0.02409046662560075, 0.029496928373250336, 0.08862697405326252, 0.013094598994363216, 0.0, 0.02194546830135003, 0.04482096874503032, 0.01329381346219851, 0.005071535919799015, 0.015301396845869569, 0.05020786540250143, 0.01773475521736905, 0.03939976318347717, 0.03836824167441895, 0.09691855070019509, 0.021300465451435126, 0.02280762727334136, 0.04458566898818919, 0.004740986471316084, 0.01586193283817835, 1.3169413504269258e-05, 0.007570736929740074, 0.015064604511970356, 0.0716347411431836, 0.003656887440601916], "columns": ["issue_date", "condition", "color_type", "length(m)", "height(cm)", "X1", "X2", "pet_category", "Split(-)(issue_date)_0", "Split(-)(issue_date)_1", "Split(-)(issue_date)_2", "Split(-)(listing_date)_0", "Split(-)(listing_date)_1", "Split(:)(listing_date)_0", "Split(:)(listing_date)_1", "Split( )(listing_date)_0", "Split( )(listing_date)_1", "Split( )(color_type)_0", "ExtractNumber(:(?:\\d*[.,]\\d+)|(?:\\d+[.,]?))(?:[Ee][+-)(pet_id)_0", "ExtractNumber(:(?:\\d*[.,]\\d+)|(?:\\d+[.,]?))(?:[Ee][+-)(issue_date)_0", "ExtractNumber((\\d{2}))(issue_date)_0", "ExtractNumber(:(?:\\d*[.,]\\d+)|(?:\\d+[.,]?))(?:[Ee][+-)(listing_date)_0", "ExtractNumber((\\d{2}))(listing_date)_0", "OneHot()(X2)_0", "OneHot()(X2)_1", "OneHot()(X2)_4", "OneHot()(X2)_7", "OneHot()(X2)_9"]}, {"scores": [0.09881638024551265, 0.0057961211594075215, 0.1751821167545243, 0.016437606888131614, 0.023465157547879183, 0.08397857720908386, 0.009496426893644983, 0.0, 0.017386660516886136, 0.0389246079132147, 0.008497599637240533, 0.003439912790425972, 0.01129195607194011, 0.043914318518191976, 0.011567953677693131, 0.03434556004395138, 0.03164451002522449, 0.08082074491623827, 0.016820631281185282, 0.020268322469010124, 0.0345439797390009, 0.0034597029246348047, 0.011356127556608637, 6.108352937014714e-06, 0.004360730993577493, 0.013589228483480851, 0.07109409044020985, 0.0015583625502229694, 0.014191142257027676, 0.007909406849107169, 0.013709102137840828, 0.008812234905339425, 0.007347569253638789, 0.010087620175196954, 0.012815440253025277, 0.00035133141379426586, 0.0005185791880968829, 0.002896063219293873, 0.000784560230556514, 0.0005838666740689513, 0.0007648913013803514, 0.012727710175476052, 0.0008643036922829416, 0.0011983385907891346, 0.001093466260499992, 0.002606025065286716, 0.0009512954050443058, 0.0009439318404157975, 0.0014124774283744486, 0.0015146701907247785, 0.002072815478405668, 0.0019372271105045722, 0.0006783290702888818, 0.00045888545063429986, 0.0011593278727164286, 0.0015104769179947746, 0.0014398524812696029, 0.0008052937034668991, 0.0015753448704474888, 0.003004863279560809, 0.0057567981191335585, 0.0027429582017741414, 0.0007103053364833026], "columns": ["issue_date", "condition", "color_type", "length(m)", "height(cm)", "X1", "X2", "pet_category", "Split(-)(issue_date)_0", "Split(-)(issue_date)_1", "Split(-)(issue_date)_2", "Split(-)(listing_date)_0", "Split(-)(listing_date)_1", "Split(:)(listing_date)_0", "Split(:)(listing_date)_1", "Split( )(listing_date)_0", "Split( )(listing_date)_1", "Split( )(color_type)_0", "ExtractNumber(:(?:\\d*[.,]\\d+)|(?:\\d+[.,]?))(?:[Ee][+-)(pet_id)_0", "ExtractNumber(:(?:\\d*[.,]\\d+)|(?:\\d+[.,]?))(?:[Ee][+-)(issue_date)_0", "ExtractNumber((\\d{2}))(issue_date)_0", "ExtractNumber(:(?:\\d*[.,]\\d+)|(?:\\d+[.,]?))(?:[Ee][+-)(listing_date)_0", "ExtractNumber((\\d{2}))(listing_date)_0", "OneHot()(X2)_0", "OneHot()(X2)_1", "OneHot()(X2)_4", "OneHot()(X2)_7", "OneHot()(X2)_9", "Split(:)(Split(-)(listing_date)_2)_0", "Split( )(Split(-)(listing_date)_2)_0", "Split( )(Split(:)(listing_date)_0)_1", "ExtractNumber(:(?:\\d*[.,]\\d+)|(?:\\d+[.,]?))(?:[Ee][+-)(Split(-)(issue_date)_2)_0", "ExtractNumber(:(?:\\d*[.,]\\d+)|(?:\\d+[.,]?))(?:[Ee][+-)(Split(-)(listing_date)_2)_0", "ExtractNumber(:(?:\\d*[.,]\\d+)|(?:\\d+[.,]?))(?:[Ee][+-)(Split(:)(listing_date)_1)_0", "ExtractNumber(:(?:\\d*[.,]\\d+)|(?:\\d+[.,]?))(?:[Ee][+-)(Split( )(listing_date)_1)_0", "OneHot()(Split(-)(issue_date)_1)_01", "OneHot()(Split(-)(issue_date)_1)_02", "OneHot()(Split(-)(issue_date)_1)_03", "OneHot()(Split(-)(issue_date)_1)_04", "OneHot()(Split(-)(issue_date)_1)_05", "OneHot()(Split(-)(issue_date)_1)_06", "OneHot()(Split(-)(issue_date)_1)_07", "OneHot()(Split(-)(issue_date)_1)_08", "OneHot()(Split(-)(issue_date)_1)_09", "OneHot()(Split(-)(issue_date)_1)_10", "OneHot()(Split(-)(issue_date)_1)_11", "OneHot()(Split(-)(issue_date)_1)_12", "OneHot()(Split(-)(listing_date)_0)_2016", "OneHot()(Split(-)(listing_date)_0)_2017", "OneHot()(Split(-)(listing_date)_0)_2018", "OneHot()(Split(-)(listing_date)_0)_2019", "OneHot()(Split(-)(listing_date)_1)_01", "OneHot()(Split(-)(listing_date)_1)_02", "OneHot()(Split(-)(listing_date)_1)_03", "OneHot()(Split(-)(listing_date)_1)_04", "OneHot()(Split(-)(listing_date)_1)_05", "OneHot()(Split(-)(listing_date)_1)_06", "OneHot()(Split(-)(listing_date)_1)_07", "OneHot()(Split(-)(listing_date)_1)_08", "OneHot()(Split(-)(listing_date)_1)_09", "OneHot()(Split(-)(listing_date)_1)_10", "OneHot()(Split(-)(listing_date)_1)_11", "OneHot()(Split(-)(listing_date)_1)_12"]}, {"scores": [0.09505079147154713, 0.006743632661739786, 0.17556735690764677, 0.017478072079418552, 0.022578918330531758, 0.08194619657588945, 0.011224208808564312, 0.0, 0.015506668067487132, 0.038335517312367784, 0.00900191712726337, 0.0038667412356725344, 0.011936255236133182, 0.036676382178860115, 0.010868354058549608, 0.03420077179942665, 0.03068240821419139, 0.08437376500490455, 0.017083175344409143, 0.019870441455728687, 0.039457527440803636, 0.0029906986921491847, 0.010875914653953515, 1.2600597865252444e-05, 0.005345925460921527, 0.014510258112908346, 0.06961022478466342, 0.0026572201663720334, 0.013802546577727351, 0.00801183666349273, 0.013455769278647407, 0.009299466742009177, 0.008001567416767458, 0.011481154506794678, 0.014368643401653954, 0.0007518811733434901, 0.0007451575863617305, 0.002254765622803246, 0.000741183674186616, 0.000480800665292864, 0.0009831810744490973, 0.012289413431513331, 0.0009814848570568885, 0.001340039454363932, 0.0012862246985251135, 0.002558304434238944, 0.0010941297178153546, 0.0013602833681795837, 0.0014385456416133667, 0.0015220217961177268, 0.0024539161256981645, 0.0021509642123135734, 0.0006625516471516134, 0.0004002198811107672, 0.0009596786052465926, 0.0016462945200837187, 0.0013362019872432966, 0.0007635392422780803, 0.001684989473326052, 0.002911284428822617, 0.00508189116416763, 0.002754870908102225, 0.0004932522415329596],