{"SamplingSelector(iterations=100, evaluator=FeatureEvaluator(folds=4, max_depth=8, sample=1000))": [{"scores": [0.1641229278421919, 0.03766592670155311, 0.38455746725799994, 0.06673924943764513, 0.08193079232416904, 0.15683247534950212, 0.10815116108693877, 0.0], "columns": ["issue_date", "condition", "color_type", "length(m)", "height(cm)", "X1", "X2", "pet_category"]}, {"scores": [0.10465841863540125, 0.00751910058839109, 0.19211573497076145, 0.02271013392810194, 0.030740252319384424, 0.08290144427608556, 0.017616337360272315, 0.0, 0.016463992689440057, 0.04392648359471739, 0.01619955505945829, 0.008063517674295804, 0.01896635633457606, 0.04422481011744212, 0.016639822814742255, 0.039610730992090136, 0.04152446548122, 0.08381300679225347, 0.022612920824361307, 0.020147199942180182, 0.05180573772936897, 0.004906792200860172, 0.014280030313081888, 0.0, 0.0067607995531718005, 0.015273142105994003, 0.0732457993020005, 0.0032734144003475777], "columns": ["issue_date", "condition", "color_type", "length(m)", "height(cm)", "X1", "X2", "pet_category", "Split(-)(issue_date)_0", "Split(-)(issue_date)_1", "Split(-)(issue_date)_2", "Split(-)(listing_date)_0", "Split(-)(listing_date)_1", "Split(:)(listing_date)_0", "Split(:)(listing_date)_1", "Split( )(listing_date)_0", "Split( )(listing_date)_1", "Split( )(color_type)_0", "ExtractNumber(:(?:\\d*[.,]\\d+)|(?:\\d+[.,]?))(?:[Ee][+-)(pet_id)_0", "ExtractNumber(:(?:\\d*[.,]\\d+)|(?:\\d+[.,]?))(?:[Ee][+-)(issue_date)_0", "ExtractNumber((\\d{2}))(issue_date)_0", "ExtractNumber(:(?:\\d*[.,]\\d+)|(?:\\d+[.,]?))(?:[Ee][+-)(listing_date)_0", "ExtractNumber((\\d{2}))(listing_date)_0", "OneHot()(X2)_0", "OneHot()(X2)_1", "OneHot()(X2)_4", "OneHot()(X2)_7", "OneHot()(X2)_9"]}, {"scores": [0.09440818048365562, 0.007605195375741173, 0.16961538793649195, 0.01886200932545126, 0.026210677898188154, 0.08603821470427014, 0.012677529434889522, 0.0, 0.018945064457079726, 0.029739264492085693, 0.010210227851143528, 0.002487866145005174, 0.01002269102417909, 0.042416739357423155, 0.01063237901994098, 0.04115961069811004, 0.0293542555309463, 0.08375577354695939, 0.019126245255019075, 0.012979129001567424, 0.03722775511662647, 0.004703630470798318, 0.010147633462503532, 0.0, 0.0038613462686795373, 0.013819794204766063, 0.07344895764851345, 0.003474640361200372, 0.013270549737465357, 0.007638772693924349, 0.012138793961324128, 0.009340916753774577, 0.007793785787709993, 0.008998270095770011, 0.015635023020301137, 0.0008701929876967783, 0.0010624630520036974, 0.003073099004260949, 0.0005985300665430005, 0.00043617012611698734, 0.0008664751235622984, 0.011455669694211018, 0.0009212823464046943, 0.0012955477287403087, 0.0010501958869583196, 0.002532809835430449, 0.0009345354714896903, 0.0012298949416046753, 0.001142113909839254, 0.0013893536243436264, 0.0024056021440310633, 0.00238058927469698, 0.0005126579318981529, 0.00035176025919208414, 0.0007144739534080613, 0.0021589289465851215, 0.0016520035000033484, 0.0010147634256094818, 0.0012545777707518556, 0.002792593572279781, 0.004517283850664072, 0.003424432287248244, 0.00021568816292136483], "columns": ["issue_date", "condition", "color_type", "length(m)", "height(cm)", "X1", "X2", "pet_category", "Split(-)(issue_date)_0", "Split(-)(issue_date)_1", "Split(-)(issue_date)_2", "Split(-)(listing_date)_0", "Split(-)(listing_date)_1", "Split(:)(listing_date)_0", "Split(:)(listing_date)_1", "Split( )(listing_date)_0", "Split( )(listing_date)_1", "Split( )(color_type)_0", "ExtractNumber(:(?:\\d*[.,]\\d+)|(?:\\d+[.,]?))(?:[Ee][+-)(pet_id)_0", "ExtractNumber(:(?:\\d*[.,]\\d+)|(?:\\d+[.,]?))(?:[Ee][+-)(issue_date)_0", "ExtractNumber((\\d{2}))(issue_date)_0", "ExtractNumber(:(?:\\d*[.,]\\d+)|(?:\\d+[.,]?))(?:[Ee][+-)(listing_date)_0", "ExtractNumber((\\d{2}))(listing_date)_0", "OneHot()(X2)_0", "OneHot()(X2)_1", "OneHot()(X2)_4", "OneHot()(X2)_7", "OneHot()(X2)_9", "Split(:)(Split(-)(listing_date)_2)_0", "Split( )(Split(-)(listing_date)_2)_0", "Split( )(Split(:)(listing_date)_0)_1", "ExtractNumber(:(?:\\d*[.,]\\d+)|(?:\\d+[.,]?))(?:[Ee][+-)(Split(-)(issue_date)_2)_0", "ExtractNumber(:(?:\\d*[.,]\\d+)|(?:\\d+[.,]?))(?:[Ee][+-)(Split(-)(listing_date)_2)_0", "ExtractNumber(:(?:\\d*[.,]\\d+)|(?:\\d+[.,]?))(?:[Ee][+-)(Split(:)(listing_date)_1)_0", "ExtractNumber(:(?:\\d*[.,]\\d+)|(?:\\d+[.,]?))(?:[Ee][+-)(Split( )(listing_date)_1)_0", "OneHot()(Split(-)(issue_date)_1)_01", "OneHot()(Split(-)(issue_date)_1)_02", "OneHot()(Split(-)(issue_date)_1)_03", "OneHot()(Split(-)(issue_date)_1)_04", "OneHot()(Split(-)(issue_date)_1)_05", "OneHot()(Split(-)(issue_date)_1)_06", "OneHot()(Split(-)(issue_date)_1)_07", "OneHot()(Split(-)(issue_date)_1)_08", "OneHot()(Split(-)(issue_date)_1)_09", "OneHot()(Split(-)(issue_date)_1)_10", "OneHot()(Split(-)(issue_date)_1)_11", "OneHot()(Split(-)(issue_date)_1)_12", "OneHot()(Split(-)(listing_date)_0)_2016", "OneHot()(Split(-)(listing_date)_0)_2017", "OneHot()(Split(-)(listing_date)_0)_2018", "OneHot()(Split(-)(listing_date)_0)_2019", "OneHot()(Split(-)(listing_date)_1)_01", "OneHot()(Split(-)(listing_date)_1)_02", "OneHot()(Split(-)(listing_date)_1)_03", "OneHot()(Split(-)(listing_date)_1)_04", "OneHot()(Split(-)(listing_date)_1)_05", "OneHot()(Split(-)(listing_date)_1)_06", "OneHot()(Split(-)(listing_date)_1)_07", "OneHot()(Split(-)(listing_date)_1)_08", "OneHot()(Split(-)(listing_date)_1)_09", "OneHot()(Split(-)(listing_date)_1)_10", "OneHot()(Split(-)(listing_date)_1)_11", "OneHot()(Split(-)(listing_date)_1)_12"]}, {"scores": [0.10193385303668757, 0.003975309519332811, 0.17701367059039516, 0.016422532076924748, 0.022309999875520313, 0.07772932042962728, 0.009551728770144933, 0.0, 0.016584208533562263, 0.039903663752704724, 0.007981236220957833, 0.0013841396946686186, 0.01283275185608103, 0.045455187402975314, 0.013312679301650004, 0.03494551625726565, 0.030875428538728038, 0.08588906130050782, 0.017519365754037123, 0.015531997731029245, 0.028140456024010486, 0.004106282082602229, 0.01199382495130751, 0.0, 0.00312531133473048, 0.014563212631535361, 0.0711796196190588, 0.002582327920579967, 0.015735307059127897, 0.007167206129656109, 0.012445036016027632, 0.009121652979692649, 0.007965895186132454, 0.011967846775161928, 0.010662675733303142, 0.0008446197622271667, 0.000704487183009323, 0.0016617521759793117, 0.0007459587487394493, 0.0008699698865247331, 0.0012281660203869065, 0.01692267276144577, 0.0006563627359475589, 0.0015569057701321173, 0.0013741584721501212, 0.0021947669845326628, 0.001372371273693006, 0.000802883904053282, 0.0007764719683259617, 0.0015839479033137266, 0.003170525495759248, 0.002457135049882478, 0.00042445186154085976, 0.000480191011258812, 0.0006903689048447004, 0.0012455198152317938, 0.0013230207570335537, 0.0006357879876416593, 0.0016265067260796432, 0.002572560658789487, 0.007116483038561938, 0.0024820601385424222, 0.0005715879186452877],