{"SamplingSelector(iterations=400, evaluator=FeatureEvaluator(folds=8, max_depth=8, sample=500))": [{"scores": [0.1669379593521199, 0.04657647200240822, 0.33027735087054816, 0.0867404723803194, 0.08447824310354664, 0.17143920895816844, 0.11355029333288921, 0.0], "columns": ["issue_date", "condition", "color_type", "length(m)", "height(cm)", "X1", "X2", "pet_category"]}, {"scores": [0.10556648654760362, 0.01392351470328239, 0.18242331853345117, 0.031795833624422974, 0.021932418770467987, 0.11108797553623506, 0.03423026701455631, 0.0, 0.03453807860055276, 0.019993856466081626, 0.01910669545308505, 0.00786849669267893, 0.019337044513762235, 0.038051520749302015, 0.020214012875809782, 0.03447961127474565, 0.028819892294707255, 0.10786458800733054, 0.014815778643455641, 0.034878381659582444, 0.018960478430165476, 0.007384611854242413, 0.01925192711856391, 0.0, 0.008262914956918627, 0.020627958339213055, 0.029315147963843085, 0.015269189375939862], "columns": ["issue_date", "condition", "color_type", "length(m)", "height(cm)", "X1", "X2", "pet_category", "Split(-)(issue_date)_0", "Split(-)(issue_date)_1", "Split(-)(issue_date)_2", "Split(-)(listing_date)_0", "Split(-)(listing_date)_1", "Split(:)(listing_date)_0", "Split(:)(listing_date)_1", "Split( )(listing_date)_0", "Split( )(listing_date)_1", "Split( )(color_type)_0", "ExtractNumber(:(?:\\d*[.,]\\d+)|(?:\\d+[.,]?))(?:[Ee][+-)(pet_id)_0", "ExtractNumber(:(?:\\d*[.,]\\d+)|(?:\\d+[.,]?))(?:[Ee][+-)(issue_date)_0", "ExtractNumber((\\d{2}))(issue_date)_0", "ExtractNumber(:(?:\\d*[.,]\\d+)|(?:\\d+[.,]?))(?:[Ee][+-)(listing_date)_0", "ExtractNumber((\\d{2}))(listing_date)_0", "OneHot()(X2)_0", "OneHot()(X2)_1", "OneHot()(X2)_4", "OneHot()(X2)_7", "OneHot()(X2)_9"]}, {"scores": [0.09961094830439918, 0.01042336221137543, 0.17841663127893914, 0.025944605931256415, 0.017403788751908972, 0.10409318252609147, 0.030178260288855077, 0.0, 0.02986966459958391, 0.012613771672083683, 0.013187301861080768, 0.004738566930814026, 0.010058911571808537, 0.027522578966141988, 0.014494774276880302, 0.02380940121904868, 0.02057738967060812, 0.09325266368346936, 0.009682226905910038, 0.03476644608082895, 0.014080150413712004, 0.006342644505888148, 0.012021605892360798, 0.0, 0.004268123644534374, 0.01925827848052862, 0.02705284667614115, 0.015277843567458876, 0.020408053009983145, 0.01254846952638109, 0.008634605145437546, 0.01279621267287044, 0.01275952824455542, 0.012925614591343074, 0.008529055877656615, 0.001041988818283554, 0.001992638519039021, 0.0033997061015014988, 0.0008657884458690331, 0.0008624409644592906, 0.00268846294925819, 0.0037475956135388164, 0.00044469398809788196, 0.0011768397177732784, 0.0008770133384509258, 0.005590216245972064, 0.0008278442046065349, 0.0013589057115370505, 0.003513584232392468, 0.002065135432233232, 0.0021686585908591615, 0.0005566968082108317, 0.0009500579189172902, 0.004132611132923273, 0.0020722982805431137, 0.00039070121723507436, 0.0010493421875956267, 0.0006063897250268416, 0.0018482838162891641, 0.002029494772120569, 0.002814414907379035, 0.0016715192432701176, 0.0017091681366815453], "columns": ["issue_date", "condition", "color_type", "length(m)", "height(cm)", "X1", "X2", "pet_category", "Split(-)(issue_date)_0", "Split(-)(issue_date)_1", "Split(-)(issue_date)_2", "Split(-)(listing_date)_0", "Split(-)(listing_date)_1", "Split(:)(listing_date)_0", "Split(:)(listing_date)_1", "Split( )(listing_date)_0", "Split( )(listing_date)_1", "Split( )(color_type)_0", "ExtractNumber(:(?:\\d*[.,]\\d+)|(?:\\d+[.,]?))(?:[Ee][+-)(pet_id)_0", "ExtractNumber(:(?:\\d*[.,]\\d+)|(?:\\d+[.,]?))(?:[Ee][+-)(issue_date)_0", "ExtractNumber((\\d{2}))(issue_date)_0", "ExtractNumber(:(?:\\d*[.,]\\d+)|(?:\\d+[.,]?))(?:[Ee][+-)(listing_date)_0", "ExtractNumber((\\d{2}))(listing_date)_0", "OneHot()(X2)_0", "OneHot()(X2)_1", "OneHot()(X2)_4", "OneHot()(X2)_7", "OneHot()(X2)_9", "Split(:)(Split(-)(listing_date)_2)_0", "Split( )(Split(-)(listing_date)_2)_0", "Split( )(Split(:)(listing_date)_0)_1", "ExtractNumber(:(?:\\d*[.,]\\d+)|(?:\\d+[.,]?))(?:[Ee][+-)(Split(-)(issue_date)_2)_0", "ExtractNumber(:(?:\\d*[.,]\\d+)|(?:\\d+[.,]?))(?:[Ee][+-)(Split(-)(listing_date)_2)_0", "ExtractNumber(:(?:\\d*[.,]\\d+)|(?:\\d+[.,]?))(?:[Ee][+-)(Split(:)(listing_date)_1)_0", "ExtractNumber(:(?:\\d*[.,]\\d+)|(?:\\d+[.,]?))(?:[Ee][+-)(Split( )(listing_date)_1)_0", "OneHot()(Split(-)(issue_date)_1)_01", "OneHot()(Split(-)(issue_date)_1)_02", "OneHot()(Split(-)(issue_date)_1)_03", "OneHot()(Split(-)(issue_date)_1)_04", "OneHot()(Split(-)(issue_date)_1)_05", "OneHot()(Split(-)(issue_date)_1)_06", "OneHot()(Split(-)(issue_date)_1)_07", "OneHot()(Split(-)(issue_date)_1)_08", "OneHot()(Split(-)(issue_date)_1)_09", "OneHot()(Split(-)(issue_date)_1)_10", "OneHot()(Split(-)(issue_date)_1)_11", "OneHot()(Split(-)(issue_date)_1)_12", "OneHot()(Split(-)(listing_date)_0)_2016", "OneHot()(Split(-)(listing_date)_0)_2017", "OneHot()(Split(-)(listing_date)_0)_2018", "OneHot()(Split(-)(listing_date)_0)_2019", "OneHot()(Split(-)(listing_date)_1)_01", "OneHot()(Split(-)(listing_date)_1)_02", "OneHot()(Split(-)(listing_date)_1)_03", "OneHot()(Split(-)(listing_date)_1)_04", "OneHot()(Split(-)(listing_date)_1)_05", "OneHot()(Split(-)(listing_date)_1)_06", "OneHot()(Split(-)(listing_date)_1)_07", "OneHot()(Split(-)(listing_date)_1)_08", "OneHot()(Split(-)(listing_date)_1)_09", "OneHot()(Split(-)(listing_date)_1)_10", "OneHot()(Split(-)(listing_date)_1)_11", "OneHot()(Split(-)(listing_date)_1)_12"]}, {"scores": [0.09624868128066857, 0.01081252153173044, 0.17435491127000433, 0.0253032971102213, 0.01732073679094111, 0.10309514032112586, 0.03040118879357086, 0.0, 0.02679813219402082, 0.014239738372751555, 0.012137878646778857, 0.004833674864185732, 0.010636871195288401, 0.026545078966412013, 0.012725523948501452, 0.02509864854054093, 0.0224015872174812, 0.0948729486636577, 0.009338509461576761, 0.032663678894501905, 0.015835652785544718, 0.005404528712789646, 0.012745636076096238, 0.0, 0.0072359854767807315, 0.019483784129483324, 0.02756768114305014, 0.017450732070470095, 0.01891679763793037, 0.012240185904500841, 0.009066304589040506, 0.01178927232719669, 0.01331191264893328, 0.015244385783223464, 0.010150347174498647, 0.0014114785091567793, 0.002363282636328391, 0.0035472447723723538, 0.0007777104608829407, 0.0007933202340531565, 0.002016568596020052, 0.003919888669780831, 0.0007912914485290125, 0.0011657358465584436, 0.0006764745974043798, 0.0051040584801071475, 0.0014765772611621006, 0.0019122099194726352, 0.0034334875584906433, 0.0017275631181486997, 0.0027722587004153387, 0.0005872613606472628, 0.0005824352573256178, 0.004117026565281701, 0.0020670001519553986, 0.00043713971137994103, 0.0009418486103015045, 0.000733077107120879, 0.0020855037314627552, 0.002297135411407359, 0.002599205240713459, 0.0015629909521495315, 0.0018282705678733468],