{"SamplingSelector(iterations=200, evaluator=FeatureEvaluator(folds=8, max_depth=2, sample=1000))": [{"scores": [0.24371077055479146, 0.01088005221914494, 0.3507834419347933, 0.028287306241291877, 0.029425439319085592, 0.252920153834959, 0.08399283589593431, 0.0], "columns": ["issue_date", "condition", "color_type", "length(m)", "height(cm)", "X1", "X2", "pet_category"]}, {"scores": [0.17483773382740822, 0.0, 0.16088268939838563, 0.0, 0.0017605819641184901, 0.2032637829302089, 0.0021841519473852445, 0.0, 0.022750790917194723, 0.022203327348030117, 0.0, 0.0, 0.0, 0.002453830542088758, 0.001735223144868869, 0.005368943082483196, 0.004549466951375925, 0.1381087552314106, 0.0016853662887263783, 0.015138687395571247, 0.027547121294050896, 0.0, 0.0, 0.0, 0.0, 0.008327426795279836, 0.20599060445386141, 0.001211516487551598], "columns": ["issue_date", "condition", "color_type", "length(m)", "height(cm)", "X1", "X2", "pet_category", "Split(-)(issue_date)_0", "Split(-)(issue_date)_1", "Split(-)(issue_date)_2", "Split(-)(listing_date)_0", "Split(-)(listing_date)_1", "Split(:)(listing_date)_0", "Split(:)(listing_date)_1", "Split( )(listing_date)_0", "Split( )(listing_date)_1", "Split( )(color_type)_0", "ExtractNumber(:(?:\\d*[.,]\\d+)|(?:\\d+[.,]?))(?:[Ee][+-)(pet_id)_0", "ExtractNumber(:(?:\\d*[.,]\\d+)|(?:\\d+[.,]?))(?:[Ee][+-)(issue_date)_0", "ExtractNumber((\\d{2}))(issue_date)_0", "ExtractNumber(:(?:\\d*[.,]\\d+)|(?:\\d+[.,]?))(?:[Ee][+-)(listing_date)_0", "ExtractNumber((\\d{2}))(listing_date)_0", "OneHot()(X2)_0", "OneHot()(X2)_1", "OneHot()(X2)_4", "OneHot()(X2)_7", "OneHot()(X2)_9"]}, {"scores": [0.16834278275013095, 0.0, 0.17274510991381078, 0.0, 0.0006982499344468104, 0.22199042351589912, 0.0, 0.0, 0.014853112305671053, 0.02938527844235386, 0.0, 0.0, 0.0, 0.002392662167199424, 0.00017067118565298428, 0.002518160532879211, 0.002434099854872312, 0.12175197845194893, 0.0, 0.013900104709073643, 0.019592233429872045, 0.0, 0.0, 0.0, 0.0, 0.00571903478145574, 0.21571535382755766, 0.0, 9.56429509229833e-05, 0.0002254332385345099, 0.0005156888843575781, 0.0, 0.00019787145353474276, 0.00014591418485005077, 0.0023655570288503842, 0.0, 0.0, 0.0011024894030202015, 0.0, 0.0, 0.0, 0.0031421470531048795, 0.0, 0.0, 0.0, 0.0, 0.0, 0.0, 0.0, 0.0, 0.0, 0.0, 0.0, 0.0, 0.0, 0.0, 0.0, 0.0, 0.0, 0.0, 0.0, 0.0, 0.0], "columns": ["issue_date", "condition", "color_type", "length(m)", "height(cm)", "X1", "X2", "pet_category", "Split(-)(issue_date)_0", "Split(-)(issue_date)_1", "Split(-)(issue_date)_2", "Split(-)(listing_date)_0", "Split(-)(listing_date)_1", "Split(:)(listing_date)_0", "Split(:)(listing_date)_1", "Split( )(listing_date)_0", "Split( )(listing_date)_1", "Split( )(color_type)_0", "ExtractNumber(:(?:\\d*[.,]\\d+)|(?:\\d+[.,]?))(?:[Ee][+-)(pet_id)_0", "ExtractNumber(:(?:\\d*[.,]\\d+)|(?:\\d+[.,]?))(?:[Ee][+-)(issue_date)_0", "ExtractNumber((\\d{2}))(issue_date)_0", "ExtractNumber(:(?:\\d*[.,]\\d+)|(?:\\d+[.,]?))(?:[Ee][+-)(listing_date)_0", "ExtractNumber((\\d{2}))(listing_date)_0", "OneHot()(X2)_0", "OneHot()(X2)_1", "OneHot()(X2)_4", "OneHot()(X2)_7", "OneHot()(X2)_9", "Split(:)(Split(-)(listing_date)_2)_0", "Split( )(Split(-)(listing_date)_2)_0", "Split( )(Split(:)(listing_date)_0)_1", "ExtractNumber(:(?:\\d*[.,]\\d+)|(?:\\d+[.,]?))(?:[Ee][+-)(Split(-)(issue_date)_2)_0", "ExtractNumber(:(?:\\d*[.,]\\d+)|(?:\\d+[.,]?))(?:[Ee][+-)(Split(-)(listing_date)_2)_0", "ExtractNumber(:(?:\\d*[.,]\\d+)|(?:\\d+[.,]?))(?:[Ee][+-)(Split(:)(listing_date)_1)_0", "ExtractNumber(:(?:\\d*[.,]\\d+)|(?:\\d+[.,]?))(?:[Ee][+-)(Split( )(listing_date)_1)_0", "OneHot()(Split(-)(issue_date)_1)_01", "OneHot()(Split(-)(issue_date)_1)_02", "OneHot()(Split(-)(issue_date)_1)_03", "OneHot()(Split(-)(issue_date)_1)_04", "OneHot()(Split(-)(issue_date)_1)_05", "OneHot()(Split(-)(issue_date)_1)_06", "OneHot()(Split(-)(issue_date)_1)_07", "OneHot()(Split(-)(issue_date)_1)_08", "OneHot()(Split(-)(issue_date)_1)_09", "OneHot()(Split(-)(issue_date)_1)_10", "OneHot()(Split(-)(issue_date)_1)_11", "OneHot()(Split(-)(issue_date)_1)_12", "OneHot()(Split(-)(listing_date)_0)_2016", "OneHot()(Split(-)(listing_date)_0)_2017", "OneHot()(Split(-)(listing_date)_0)_2018", "OneHot()(Split(-)(listing_date)_0)_2019", "OneHot()(Split(-)(listing_date)_1)_01", "OneHot()(Split(-)(listing_date)_1)_02", "OneHot()(Split(-)(listing_date)_1)_03", "OneHot()(Split(-)(listing_date)_1)_04", "OneHot()(Split(-)(listing_date)_1)_05", "OneHot()(Split(-)(listing_date)_1)_06", "OneHot()(Split(-)(listing_date)_1)_07", "OneHot()(Split(-)(listing_date)_1)_08", "OneHot()(Split(-)(listing_date)_1)_09", "OneHot()(Split(-)(listing_date)_1)_10", "OneHot()(Split(-)(listing_date)_1)_11", "OneHot()(Split(-)(listing_date)_1)_12"]}, {"scores": [0.1619113220650441, 0.0, 0.1928729072646338, 0.0, 0.0007920062674757246, 0.2154771315608322, 0.004444133961286226, 0.0, 0.01293465819432542, 0.0258209362167683, 0.0, 0.0, 0.0, 0.003456248195504332, 0.00045754497677798347, 0.0045693687001754175, 0.005458473145959674, 0.11111056292855917, 0.0001959136278440994, 0.014161062572823062, 0.014068531599096452, 0.0, 0.0, 0.0, 0.0, 0.011165248980782243, 0.2120845191157328, 0.0, 0.0004132856332378161, 0.000662242762516633, 0.0029393482116118297, 0.0, 0.00040459253389285436, 0.00012250877860247382, 0.0025742660671713943, 0.0, 0.0, 0.0, 0.0, 0.0, 0.0, 0.00190318663934605, 0.0, 0.0, 0.0, 0.0, 0.0, 0.0, 0.0, 0.0, 0.0, 0.0, 0.0, 0.0, 0.0, 0.0, 0.0, 0.0, 0.0, 0.0, 0.0, 0.0, 0.0],