{"SamplingSelector(iterations=200, evaluator=FeatureEvaluator(folds=4, max_depth=4, sample=1000))": [{"scores": [0.1741009422411473, 0.016891464112268623, 0.42850506367327107, 0.047636772078627744, 0.04439284031947194, 0.19254915069597514, 0.09592376687923819, 0.0], "columns": ["issue_date", "condition", "color_type", "length(m)", "height(cm)", "X1", "X2", "pet_category"]}, {"scores": [0.13615514804971252, 0.0021962293275718807, 0.21629614790976667, 0.0088193720041348, 0.010876916272111613, 0.11856101469497352, 0.004869549122137734, 0.0, 0.021465201325055274, 0.04289604700264373, 0.0019291975390146369, 0.004305474381124703, 0.002647661433392712, 0.04711089067560951, 0.006623465817692965, 0.030218011322416083, 0.016280244872470238, 0.11862270604007367, 0.0104726987225049, 0.014365317296979013, 0.044149235456437265, 0.002782838525660101, 0.001578416586448654, 0.0, 0.0013129809128591208, 0.01629405432800162, 0.11645256495116421, 0.0027186154300427906], "columns": ["issue_date", "condition", "color_type", "length(m)", "height(cm)", "X1", "X2", "pet_category", "Split(-)(issue_date)_0", "Split(-)(issue_date)_1", "Split(-)(issue_date)_2", "Split(-)(listing_date)_0", "Split(-)(listing_date)_1", "Split(:)(listing_date)_0", "Split(:)(listing_date)_1", "Split( )(listing_date)_0", "Split( )(listing_date)_1", "Split( )(color_type)_0", "ExtractNumber(:(?:\\d*[.,]\\d+)|(?:\\d+[.,]?))(?:[Ee][+-)(pet_id)_0", "ExtractNumber(:(?:\\d*[.,]\\d+)|(?:\\d+[.,]?))(?:[Ee][+-)(issue_date)_0", "ExtractNumber((\\d{2}))(issue_date)_0", "ExtractNumber(:(?:\\d*[.,]\\d+)|(?:\\d+[.,]?))(?:[Ee][+-)(listing_date)_0", "ExtractNumber((\\d{2}))(listing_date)_0", "OneHot()(X2)_0", "OneHot()(X2)_1", "OneHot()(X2)_4", "OneHot()(X2)_7", "OneHot()(X2)_9"]}, {"scores": [0.1351042573744089, 0.0009461638470755294, 0.21886031223246372, 0.0077928404384155145, 0.0072278078942283564, 0.13213967259018955, 0.006766601451057188, 0.0, 0.013975229945127043, 0.04242712270846074, 0.0008832801240588391, 0.0005912985955276671, 0.0023744603310808907, 0.03791592219448524, 0.0030980800347491268, 0.017121183602206217, 0.013520669363400186, 0.11208479942145969, 0.010085020501966264, 0.01638751088525892, 0.03979185165587347, 0.000634839893508158, 0.0019431421171474297, 0.0, 0.0021729981397793723, 0.015593493004288165, 0.11715702846375141, 0.0008574446753435176, 0.0039030400650196372, 0.0020219134771748593, 0.005718167572661561, 0.0006626084638120608, 0.0014124352497290507, 0.002645507456136581, 0.005794985333856054, 0.00011698277891467179, 0.0, 0.003811411585900661, 0.0, 0.0, 0.0, 0.012132444860303187, 0.0, 0.00012730696724159548, 0.0005338976180361084, 0.00011459421410657502, 7.709484311437662e-05, 5.207832970231359e-05, 0.00028900399914643006, 0.00027619576575390334, 0.00011040235317568869, 0.0007802936484682429, 0.0, 0.0, 0.00013391896255099216, 0.00045223488736956556, 0.00012155568373742682, 0.0, 7.381948417169204e-05, 0.0, 0.0008065692028095804, 0.0003785057117960216, 0.0], "columns": ["issue_date", "condition", "color_type", "length(m)", "height(cm)", "X1", "X2", "pet_category", "Split(-)(issue_date)_0", "Split(-)(issue_date)_1", "Split(-)(issue_date)_2", "Split(-)(listing_date)_0", "Split(-)(listing_date)_1", "Split(:)(listing_date)_0", "Split(:)(listing_date)_1", "Split( )(listing_date)_0", "Split( )(listing_date)_1", "Split( )(color_type)_0", "ExtractNumber(:(?:\\d*[.,]\\d+)|(?:\\d+[.,]?))(?:[Ee][+-)(pet_id)_0", "ExtractNumber(:(?:\\d*[.,]\\d+)|(?:\\d+[.,]?))(?:[Ee][+-)(issue_date)_0", "ExtractNumber((\\d{2}))(issue_date)_0", "ExtractNumber(:(?:\\d*[.,]\\d+)|(?:\\d+[.,]?))(?:[Ee][+-)(listing_date)_0", "ExtractNumber((\\d{2}))(listing_date)_0", "OneHot()(X2)_0", "OneHot()(X2)_1", "OneHot()(X2)_4", "OneHot()(X2)_7", "OneHot()(X2)_9", "Split(:)(Split(-)(listing_date)_2)_0", "Split( )(Split(-)(listing_date)_2)_0", "Split( )(Split(:)(listing_date)_0)_1", "ExtractNumber(:(?:\\d*[.,]\\d+)|(?:\\d+[.,]?))(?:[Ee][+-)(Split(-)(issue_date)_2)_0", "ExtractNumber(:(?:\\d*[.,]\\d+)|(?:\\d+[.,]?))(?:[Ee][+-)(Split(-)(listing_date)_2)_0", "ExtractNumber(:(?:\\d*[.,]\\d+)|(?:\\d+[.,]?))(?:[Ee][+-)(Split(:)(listing_date)_1)_0", "ExtractNumber(:(?:\\d*[.,]\\d+)|(?:\\d+[.,]?))(?:[Ee][+-)(Split( )(listing_date)_1)_0", "OneHot()(Split(-)(issue_date)_1)_01", "OneHot()(Split(-)(issue_date)_1)_02", "OneHot()(Split(-)(issue_date)_1)_03", "OneHot()(Split(-)(issue_date)_1)_04", "OneHot()(Split(-)(issue_date)_1)_05", "OneHot()(Split(-)(issue_date)_1)_06", "OneHot()(Split(-)(issue_date)_1)_07", "OneHot()(Split(-)(issue_date)_1)_08", "OneHot()(Split(-)(issue_date)_1)_09", "OneHot()(Split(-)(issue_date)_1)_10", "OneHot()(Split(-)(issue_date)_1)_11", "OneHot()(Split(-)(issue_date)_1)_12", "OneHot()(Split(-)(listing_date)_0)_2016", "OneHot()(Split(-)(listing_date)_0)_2017", "OneHot()(Split(-)(listing_date)_0)_2018", "OneHot()(Split(-)(listing_date)_0)_2019", "OneHot()(Split(-)(listing_date)_1)_01", "OneHot()(Split(-)(listing_date)_1)_02", "OneHot()(Split(-)(listing_date)_1)_03", "OneHot()(Split(-)(listing_date)_1)_04", "OneHot()(Split(-)(listing_date)_1)_05", "OneHot()(Split(-)(listing_date)_1)_06", "OneHot()(Split(-)(listing_date)_1)_07", "OneHot()(Split(-)(listing_date)_1)_08", "OneHot()(Split(-)(listing_date)_1)_09", "OneHot()(Split(-)(listing_date)_1)_10", "OneHot()(Split(-)(listing_date)_1)_11", "OneHot()(Split(-)(listing_date)_1)_12"]}, {"scores": [0.12576056659861085, 0.0015568514208503465, 0.22141251310532548, 0.00628829156172431, 0.006907864058743093, 0.12671639297990994, 0.007312284724087474, 0.0, 0.016494684135674866, 0.05092537945429629, 0.0007486651080582091, 0.0007787597983662906, 0.004097463903342825, 0.03434564031503613, 0.0033689183647957937, 0.023728983080031872, 0.017540411898906105, 0.10697185764181953, 0.009025124269380704, 0.01850050465436279, 0.04405080928934487, 0.0002141351397591393, 0.0015564200223333918, 0.0, 0.0008200862450997501, 0.016552279404480105, 0.11700921245171808, 0.0005710385771866938, 0.0033967280524903527, 0.0017099131140152393, 0.006200303238822385, 0.0008700965915714532, 0.0016866438336781138, 0.002735779067547281, 0.00779640649219422, 0.0, 0.00010420437335009606, 0.0004719726553135283, 0.00014482265632542103, 0.0001513219788165873, 0.0, 0.008588659565686621, 0.0, 0.00011128213876536791, 0.000606733355603864, 0.000326938896107693, 0.0, 2.47438316055795e-05, 7.682211970121033e-05, 0.00017472279389465497, 0.00017526250296463774, 0.0008380355238127543, 0.0, 0.0, 0.0, 0.0, 0.00023279704130914125, 0.0, 3.490940047933611e-05, 0.0, 6.54940265831645e-05, 0.0002202685461163967, 0.0],