{"SamplingSelector(iterations=400, evaluator=FeatureEvaluator(folds=8, max_depth=2, sample=500))": [{"scores": [0.1880761278246753, 0.01753217818420719, 0.35615976192288085, 0.013430332043295495, 0.01412124795612477, 0.2950180334219886, 0.11566231864682838, 0.0], "columns": ["issue_date", "condition", "color_type", "length(m)", "height(cm)", "X1", "X2", "pet_category"]}, {"scores": [0.15980664036732528, 0.0, 0.2332532885646265, 0.0, 0.0005417405380091113, 0.23307839247586146, 0.013424304497025377, 0.0, 0.05115871397025703, 0.005354606204741162, 0.0, 0.00024977328803681885, 0.0, 0.0016274591569590006, 0.0019178990656376319, 0.001064490374504765, 0.0009373995556268593, 0.1728542208295224, 0.0, 0.055027598359354515, 0.0018629202151987235, 0.0002285113025438953, 0.0005752129227945852, 0.0, 0.0016409248911715515, 0.009310038647302302, 0.05029136186987032, 0.005794502903631375], "columns": ["issue_date", "condition", "color_type", "length(m)", "height(cm)", "X1", "X2", "pet_category", "Split(-)(issue_date)_0", "Split(-)(issue_date)_1", "Split(-)(issue_date)_2", "Split(-)(listing_date)_0", "Split(-)(listing_date)_1", "Split(:)(listing_date)_0", "Split(:)(listing_date)_1", "Split( )(listing_date)_0", "Split( )(listing_date)_1", "Split( )(color_type)_0", "ExtractNumber(:(?:\\d*[.,]\\d+)|(?:\\d+[.,]?))(?:[Ee][+-)(pet_id)_0", "ExtractNumber(:(?:\\d*[.,]\\d+)|(?:\\d+[.,]?))(?:[Ee][+-)(issue_date)_0", "ExtractNumber((\\d{2}))(issue_date)_0", "ExtractNumber(:(?:\\d*[.,]\\d+)|(?:\\d+[.,]?))(?:[Ee][+-)(listing_date)_0", "ExtractNumber((\\d{2}))(listing_date)_0", "OneHot()(X2)_0", "OneHot()(X2)_1", "OneHot()(X2)_4", "OneHot()(X2)_7", "OneHot()(X2)_9"]}, {"scores": [0.1647237732662611, 0.0, 0.25336380106637124, 0.0, 0.0, 0.23456362911626583, 0.015454980231541638, 0.0, 0.054748134387469595, 0.0032348230532587567, 0.0, 0.00029525782845304363, 0.0, 0.0008265653043052465, 0.0016976931716837474, 0.0009029628641401214, 0.0009465000400460422, 0.13874298521975584, 0.0, 0.05155792049710664, 0.004322272571983478, 0.00021897880142524143, 0.0004177864534535788, 0.0, 0.0005583225052369785, 0.0073699637928699956, 0.04441704677578261, 0.007632961936236722, 0.0046870400249276415, 0.003599357780070481, 0.00040909622370971727, 0.0, 0.004359883546650847, 0.0004843715632335004, 0.0, 0.00017274447228056273, 0.0, 0.0, 0.0, 0.0, 0.0, 0.0, 0.0, 0.0, 0.0, 0.0, 0.0, 0.0, 0.0, 0.0, 0.0002911475054804344, 0.0, 0.0, 0.0, 0.0, 0.0, 0.0, 0.0, 0.0, 0.0, 0.0, 0.0, 0.0], "columns": ["issue_date", "condition", "color_type", "length(m)", "height(cm)", "X1", "X2", "pet_category", "Split(-)(issue_date)_0", "Split(-)(issue_date)_1", "Split(-)(issue_date)_2", "Split(-)(listing_date)_0", "Split(-)(listing_date)_1", "Split(:)(listing_date)_0", "Split(:)(listing_date)_1", "Split( )(listing_date)_0", "Split( )(listing_date)_1", "Split( )(color_type)_0", "ExtractNumber(:(?:\\d*[.,]\\d+)|(?:\\d+[.,]?))(?:[Ee][+-)(pet_id)_0", "ExtractNumber(:(?:\\d*[.,]\\d+)|(?:\\d+[.,]?))(?:[Ee][+-)(issue_date)_0", "ExtractNumber((\\d{2}))(issue_date)_0", "ExtractNumber(:(?:\\d*[.,]\\d+)|(?:\\d+[.,]?))(?:[Ee][+-)(listing_date)_0", "ExtractNumber((\\d{2}))(listing_date)_0", "OneHot()(X2)_0", "OneHot()(X2)_1", "OneHot()(X2)_4", "OneHot()(X2)_7", "OneHot()(X2)_9", "Split(:)(Split(-)(listing_date)_2)_0", "Split( )(Split(-)(listing_date)_2)_0", "Split( )(Split(:)(listing_date)_0)_1", "ExtractNumber(:(?:\\d*[.,]\\d+)|(?:\\d+[.,]?))(?:[Ee][+-)(Split(-)(issue_date)_2)_0", "ExtractNumber(:(?:\\d*[.,]\\d+)|(?:\\d+[.,]?))(?:[Ee][+-)(Split(-)(listing_date)_2)_0", "ExtractNumber(:(?:\\d*[.,]\\d+)|(?:\\d+[.,]?))(?:[Ee][+-)(Split(:)(listing_date)_1)_0", "ExtractNumber(:(?:\\d*[.,]\\d+)|(?:\\d+[.,]?))(?:[Ee][+-)(Split( )(listing_date)_1)_0", "OneHot()(Split(-)(issue_date)_1)_01", "OneHot()(Split(-)(issue_date)_1)_02", "OneHot()(Split(-)(issue_date)_1)_03", "OneHot()(Split(-)(issue_date)_1)_04", "OneHot()(Split(-)(issue_date)_1)_05", "OneHot()(Split(-)(issue_date)_1)_06", "OneHot()(Split(-)(issue_date)_1)_07", "OneHot()(Split(-)(issue_date)_1)_08", "OneHot()(Split(-)(issue_date)_1)_09", "OneHot()(Split(-)(issue_date)_1)_10", "OneHot()(Split(-)(issue_date)_1)_11", "OneHot()(Split(-)(issue_date)_1)_12", "OneHot()(Split(-)(listing_date)_0)_2016", "OneHot()(Split(-)(listing_date)_0)_2017", "OneHot()(Split(-)(listing_date)_0)_2018", "OneHot()(Split(-)(listing_date)_0)_2019", "OneHot()(Split(-)(listing_date)_1)_01", "OneHot()(Split(-)(listing_date)_1)_02", "OneHot()(Split(-)(listing_date)_1)_03", "OneHot()(Split(-)(listing_date)_1)_04", "OneHot()(Split(-)(listing_date)_1)_05", "OneHot()(Split(-)(listing_date)_1)_06", "OneHot()(Split(-)(listing_date)_1)_07", "OneHot()(Split(-)(listing_date)_1)_08", "OneHot()(Split(-)(listing_date)_1)_09", "OneHot()(Split(-)(listing_date)_1)_10", "OneHot()(Split(-)(listing_date)_1)_11", "OneHot()(Split(-)(listing_date)_1)_12"]}, {"scores": [0.16474808029047197, 0.0, 0.23682157143248486, 0.0, 6.317743082301414e-05, 0.22709688353652072, 0.01650320607087437, 0.0, 0.04193287658081378, 0.007805373906928212, 0.0, 0.0, 0.0, 0.0005044441709508721, 0.0013301600933657634, 0.0006096169993738297, 0.0, 0.15128847847876564, 0.0, 0.05285980140065283, 0.004137326358978294, 0.0, 0.0, 0.0, 0.002086636907101167, 0.012717078154161595, 0.04927838708008308, 0.012040315621931844, 0.004363017967986659, 0.0036034384657813996, 0.00048198677366012864, 0.0, 0.0060100648203656295, 0.002152553519756103, 0.00040579424195185884, 0.00020276312028963536, 0.0, 0.0, 0.0, 0.0, 0.0, 0.0006805379237278867, 0.0, 0.0, 0.0, 0.0, 0.0, 5.164725027550627e-05, 0.0, 0.0, 0.00022478140192397965, 0.0, 0.0, 0.0, 0.0, 0.0, 0.0, 0.0, 0.0, 0.0, 0.0, 0.0, 0.0],