{"SamplingSelector(iterations=100, evaluator=FeatureEvaluator(folds=4, max_depth=4, sample=500))": [{"scores": [0.18159549866694844, 0.027785194113822655, 0.38533003229230167, 0.042923615741086184, 0.03168286134275549, 0.21661417713784928, 0.1140686207052361, 0.0], "columns": ["issue_date", "condition", "color_type", "length(m)", "height(cm)", "X1", "X2", "pet_category"]}, {"scores": [0.12999478165497114, 0.004477884059006144, 0.2329921766633352, 0.015722431705334834, 0.0046134965262552025, 0.14495661132910984, 0.04674570387078474, 0.0, 0.03001330043130746, 0.01489587138785143, 0.0034062339663158293, 0.007500221489472026, 0.010661494286286752, 0.024613142525303285, 0.012261592920024931, 0.015633296548333855, 0.010928627028652915, 0.1346862177150682, 0.0011449491371697523, 0.03987938225062818, 0.021379045956520275, 0.0036404582098947323, 0.007166774972472196, 0.0, 0.001916029755261728, 0.02843830851255997, 0.047144305539009196, 0.0051876615590703504], "columns": ["issue_date", "condition", "color_type", "length(m)", "height(cm)", "X1", "X2", "pet_category", "Split(-)(issue_date)_0", "Split(-)(issue_date)_1", "Split(-)(issue_date)_2", "Split(-)(listing_date)_0", "Split(-)(listing_date)_1", "Split(:)(listing_date)_0", "Split(:)(listing_date)_1", "Split( )(listing_date)_0", "Split( )(listing_date)_1", "Split( )(color_type)_0", "ExtractNumber(:(?:\\d*[.,]\\d+)|(?:\\d+[.,]?))(?:[Ee][+-)(pet_id)_0", "ExtractNumber(:(?:\\d*[.,]\\d+)|(?:\\d+[.,]?))(?:[Ee][+-)(issue_date)_0", "ExtractNumber((\\d{2}))(issue_date)_0", "ExtractNumber(:(?:\\d*[.,]\\d+)|(?:\\d+[.,]?))(?:[Ee][+-)(listing_date)_0", "ExtractNumber((\\d{2}))(listing_date)_0", "OneHot()(X2)_0", "OneHot()(X2)_1", "OneHot()(X2)_4", "OneHot()(X2)_7", "OneHot()(X2)_9"]}, {"scores": [0.1287833938463792, 0.0005591238535402557, 0.19149478846864032, 0.008973408537128916, 0.005246372070991521, 0.16785675006551248, 0.03841842716823392, 0.0, 0.03457724678331906, 0.005998159070931538, 0.001394234925286637, 0.004395913608474461, 0.005696763006165261, 0.014178176302566332, 0.004942041196965176, 0.024284472024536596, 0.007621056665270039, 0.14114501887472197, 0.0014374683461957259, 0.02514440692230508, 0.016417886785615104, 0.004425345042738924, 0.0063127025084820515, 0.0, 0.006563903680158655, 0.026952203764855243, 0.04767935151277952, 0.011185616031866373, 0.011282388780070022, 0.008695262274931628, 0.004543473677367278, 0.0016898798452406594, 0.005872594518925762, 0.010942616580252964, 0.005777798955981133, 0.0003899470141673059, 0.0009244192404293879, 0.002701449617175959, 0.0, 0.0, 0.0011111600661684153, 0.0034186716923309234, 0.0, 0.00043280384205221945, 0.0, 0.0030084404824838817, 0.0, 0.0, 0.0002601247877608926, 0.0, 0.002593506881501652, 0.0, 0.0, 0.0003832062115989913, 0.00021280215310142265, 0.0, 0.00021715855353113516, 0.0001982471270768174, 0.0002932700842094013, 0.0, 0.003306359331268733, 6.018721871317948e-05, 0.0], "columns": ["issue_date", "condition", "color_type", "length(m)", "height(cm)", "X1", "X2", "pet_category", "Split(-)(issue_date)_0", "Split(-)(issue_date)_1", "Split(-)(issue_date)_2", "Split(-)(listing_date)_0", "Split(-)(listing_date)_1", "Split(:)(listing_date)_0", "Split(:)(listing_date)_1", "Split( )(listing_date)_0", "Split( )(listing_date)_1", "Split( )(color_type)_0", "ExtractNumber(:(?:\\d*[.,]\\d+)|(?:\\d+[.,]?))(?:[Ee][+-)(pet_id)_0", "ExtractNumber(:(?:\\d*[.,]\\d+)|(?:\\d+[.,]?))(?:[Ee][+-)(issue_date)_0", "ExtractNumber((\\d{2}))(issue_date)_0", "ExtractNumber(:(?:\\d*[.,]\\d+)|(?:\\d+[.,]?))(?:[Ee][+-)(listing_date)_0", "ExtractNumber((\\d{2}))(listing_date)_0", "OneHot()(X2)_0", "OneHot()(X2)_1", "OneHot()(X2)_4", "OneHot()(X2)_7", "OneHot()(X2)_9", "Split(:)(Split(-)(listing_date)_2)_0", "Split( )(Split(-)(listing_date)_2)_0", "Split( )(Split(:)(listing_date)_0)_1", "ExtractNumber(:(?:\\d*[.,]\\d+)|(?:\\d+[.,]?))(?:[Ee][+-)(Split(-)(issue_date)_2)_0", "ExtractNumber(:(?:\\d*[.,]\\d+)|(?:\\d+[.,]?))(?:[Ee][+-)(Split(-)(listing_date)_2)_0", "ExtractNumber(:(?:\\d*[.,]\\d+)|(?:\\d+[.,]?))(?:[Ee][+-)(Split(:)(listing_date)_1)_0", "ExtractNumber(:(?:\\d*[.,]\\d+)|(?:\\d+[.,]?))(?:[Ee][+-)(Split( )(listing_date)_1)_0", "OneHot()(Split(-)(issue_date)_1)_01", "OneHot()(Split(-)(issue_date)_1)_02", "OneHot()(Split(-)(issue_date)_1)_03", "OneHot()(Split(-)(issue_date)_1)_04", "OneHot()(Split(-)(issue_date)_1)_05", "OneHot()(Split(-)(issue_date)_1)_06", "OneHot()(Split(-)(issue_date)_1)_07", "OneHot()(Split(-)(issue_date)_1)_08", "OneHot()(Split(-)(issue_date)_1)_09", "OneHot()(Split(-)(issue_date)_1)_10", "OneHot()(Split(-)(issue_date)_1)_11", "OneHot()(Split(-)(issue_date)_1)_12", "OneHot()(Split(-)(listing_date)_0)_2016", "OneHot()(Split(-)(listing_date)_0)_2017", "OneHot()(Split(-)(listing_date)_0)_2018", "OneHot()(Split(-)(listing_date)_0)_2019", "OneHot()(Split(-)(listing_date)_1)_01", "OneHot()(Split(-)(listing_date)_1)_02", "OneHot()(Split(-)(listing_date)_1)_03", "OneHot()(Split(-)(listing_date)_1)_04", "OneHot()(Split(-)(listing_date)_1)_05", "OneHot()(Split(-)(listing_date)_1)_06", "OneHot()(Split(-)(listing_date)_1)_07", "OneHot()(Split(-)(listing_date)_1)_08", "OneHot()(Split(-)(listing_date)_1)_09", "OneHot()(Split(-)(listing_date)_1)_10", "OneHot()(Split(-)(listing_date)_1)_11", "OneHot()(Split(-)(listing_date)_1)_12"]}, {"scores": [0.14471356940111396, 0.0004975982274743252, 0.21702769644726996, 0.004848871863889334, 0.005782072269340483, 0.14815176066052207, 0.03130713096673809, 0.0, 0.04190586763109314, 0.015806338113600885, 0.00196821785991523, 0.004758053369082313, 0.004849173344399098, 0.016591650312212446, 0.013872164840019722, 0.016505657098348312, 0.007592336780019167, 0.126289848290553, 0.0019520191760298686, 0.02548947153865457, 0.012200414758159592, 0.006083337568825749, 0.008867480873757792, 0.0, 0.0, 0.02487455641990547, 0.04052471713273562, 0.017075580697108295, 0.006800716256322831, 0.005076735583237214, 0.006156957985202979, 0.0026676018096928036, 0.0047484060083895115, 0.008609192319699293, 0.004689622718052278, 0.0009136290914976353, 0.0006435109113069334, 0.0010705649040904886, 0.00014920590696831457, 0.0, 0.0003868858954977825, 0.003940166775751242, 8.96314692849169e-05, 0.0004258565910961427, 0.0, 0.0023456381407722035, 0.0003523856058919144, 0.00108175787074021, 0.0, 0.0, 0.0030566751053155523, 0.0, 0.0, 0.00017549904140034322, 0.0006108760657783988, 0.0, 6.722325214212055e-05, 9.745299503576201e-05, 0.00015466682962326063, 0.0008564518139990031, 0.005155250796860138, 0.00014185261558208347, 0.0],