{"SamplingSelector(iterations=100, evaluator=FeatureEvaluator(folds=8, max_depth=4, sample=1000))": [{"scores": [0.18033093331153893, 0.021071358217937097, 0.4197837061655092, 0.04005390309745994, 0.04383961268976127, 0.19159727753807632, 0.10332320897971717, 0.0], "columns": ["issue_date", "condition", "color_type", "length(m)", "height(cm)", "X1", "X2", "pet_category"]}, {"scores": [0.13101619546417023, 0.0037185270339846056, 0.2215422430854818, 0.008820239093436577, 0.011489384599036099, 0.12132452332701242, 0.009817261880198462, 0.0, 0.009788449585688537, 0.04938797226106686, 0.0022802122507604734, 0.0033510086048082013, 0.0034810863134826955, 0.034359002018066374, 0.007247543931531231, 0.02472310425755778, 0.021168884721471905, 0.10224372796008936, 0.009451724130971985, 0.015401842155833335, 0.06578707428302791, 0.0025005883492951225, 0.003294829777258321, 0.0, 0.004576237656908214, 0.01780625728676031, 0.11470047319676496, 0.0007216067753361196], "columns": ["issue_date", "condition", "color_type", "length(m)", "height(cm)", "X1", "X2", "pet_category", "Split(-)(issue_date)_0", "Split(-)(issue_date)_1", "Split(-)(issue_date)_2", "Split(-)(listing_date)_0", "Split(-)(listing_date)_1", "Split(:)(listing_date)_0", "Split(:)(listing_date)_1", "Split( )(listing_date)_0", "Split( )(listing_date)_1", "Split( )(color_type)_0", "ExtractNumber(:(?:\\d*[.,]\\d+)|(?:\\d+[.,]?))(?:[Ee][+-)(pet_id)_0", "ExtractNumber(:(?:\\d*[.,]\\d+)|(?:\\d+[.,]?))(?:[Ee][+-)(issue_date)_0", "ExtractNumber((\\d{2}))(issue_date)_0", "ExtractNumber(:(?:\\d*[.,]\\d+)|(?:\\d+[.,]?))(?:[Ee][+-)(listing_date)_0", "ExtractNumber((\\d{2}))(listing_date)_0", "OneHot()(X2)_0", "OneHot()(X2)_1", "OneHot()(X2)_4", "OneHot()(X2)_7", "OneHot()(X2)_9"]}, {"scores": [0.13203008997252177, 0.001901430621318243, 0.20015150121724695, 0.005780737678047534, 0.010637765076805042, 0.13235100158382762, 0.01132776346236113, 0.0, 0.015607689825378608, 0.03599561132963679, 0.0016768248121992921, 0.00011586221886137971, 0.0007673661452206049, 0.0320514210716017, 0.0031469250068854953, 0.03336934119951921, 0.011044788738152964, 0.11526850535169726, 0.007603561724917189, 0.013240828716831772, 0.04828507423055914, 0.002234044149885068, 0.002674825672421622, 0.0, 0.0011874453457578267, 0.012871096382632924, 0.12212921487079252, 0.002170761487828804, 0.003553362068770326, 0.0011873069953953726, 0.009495167611562324, 0.000871636535017231, 0.0015768674611249388, 0.0021522812048420437, 0.010074493116047283, 0.00028584259358699457, 0.0, 0.003826132004493333, 0.0, 0.0, 0.0, 0.006110388714151739, 0.0, 0.0, 0.0005179979003085268, 5.876874439465724e-05, 0.0, 3.8280549382042035e-05, 0.00013127769637500945, 0.00011661230545682002, 0.002653018254304504, 0.0007375218333490013, 0.0, 0.0, 0.0, 0.00048268185462827364, 0.00014117813889163885, 0.0, 5.336455647616615e-05, 0.0001274199627936977, 0.0, 0.0001869220057396686, 0.0], "columns": ["issue_date", "condition", "color_type", "length(m)", "height(cm)", "X1", "X2", "pet_category", "Split(-)(issue_date)_0", "Split(-)(issue_date)_1", "Split(-)(issue_date)_2", "Split(-)(listing_date)_0", "Split(-)(listing_date)_1", "Split(:)(listing_date)_0", "Split(:)(listing_date)_1", "Split( )(listing_date)_0", "Split( )(listing_date)_1", "Split( )(color_type)_0", "ExtractNumber(:(?:\\d*[.,]\\d+)|(?:\\d+[.,]?))(?:[Ee][+-)(pet_id)_0", "ExtractNumber(:(?:\\d*[.,]\\d+)|(?:\\d+[.,]?))(?:[Ee][+-)(issue_date)_0", "ExtractNumber((\\d{2}))(issue_date)_0", "ExtractNumber(:(?:\\d*[.,]\\d+)|(?:\\d+[.,]?))(?:[Ee][+-)(listing_date)_0", "ExtractNumber((\\d{2}))(listing_date)_0", "OneHot()(X2)_0", "OneHot()(X2)_1", "OneHot()(X2)_4", "OneHot()(X2)_7", "OneHot()(X2)_9", "Split(:)(Split(-)(listing_date)_2)_0", "Split( )(Split(-)(listing_date)_2)_0", "Split( )(Split(:)(listing_date)_0)_1", "ExtractNumber(:(?:\\d*[.,]\\d+)|(?:\\d+[.,]?))(?:[Ee][+-)(Split(-)(issue_date)_2)_0", "ExtractNumber(:(?:\\d*[.,]\\d+)|(?:\\d+[.,]?))(?:[Ee][+-)(Split(-)(listing_date)_2)_0", "ExtractNumber(:(?:\\d*[.,]\\d+)|(?:\\d+[.,]?))(?:[Ee][+-)(Split(:)(listing_date)_1)_0", "ExtractNumber(:(?:\\d*[.,]\\d+)|(?:\\d+[.,]?))(?:[Ee][+-)(Split( )(listing_date)_1)_0", "OneHot()(Split(-)(issue_date)_1)_01", "OneHot()(Split(-)(issue_date)_1)_02", "OneHot()(Split(-)(issue_date)_1)_03", "OneHot()(Split(-)(issue_date)_1)_04", "OneHot()(Split(-)(issue_date)_1)_05", "OneHot()(Split(-)(issue_date)_1)_06", "OneHot()(Split(-)(issue_date)_1)_07", "OneHot()(Split(-)(issue_date)_1)_08", "OneHot()(Split(-)(issue_date)_1)_09", "OneHot()(Split(-)(issue_date)_1)_10", "OneHot()(Split(-)(issue_date)_1)_11", "OneHot()(Split(-)(issue_date)_1)_12", "OneHot()(Split(-)(listing_date)_0)_2016", "OneHot()(Split(-)(listing_date)_0)_2017", "OneHot()(Split(-)(listing_date)_0)_2018", "OneHot()(Split(-)(listing_date)_0)_2019", "OneHot()(Split(-)(listing_date)_1)_01", "OneHot()(Split(-)(listing_date)_1)_02", "OneHot()(Split(-)(listing_date)_1)_03", "OneHot()(Split(-)(listing_date)_1)_04", "OneHot()(Split(-)(listing_date)_1)_05", "OneHot()(Split(-)(listing_date)_1)_06", "OneHot()(Split(-)(listing_date)_1)_07", "OneHot()(Split(-)(listing_date)_1)_08", "OneHot()(Split(-)(listing_date)_1)_09", "OneHot()(Split(-)(listing_date)_1)_10", "OneHot()(Split(-)(listing_date)_1)_11", "OneHot()(Split(-)(listing_date)_1)_12"]}, {"scores": [0.140919400675509, 0.001146558287790513, 0.20408047436947768, 0.005148405895576972, 0.010412832286640512, 0.1183553088112628, 0.0067281717768634995, 0.0, 0.006923395222762531, 0.059769480306591384, 0.0013322333426458084, 0.00011284063157699354, 0.003249326801559644, 0.042451860217509456, 0.0032480199018009768, 0.025415263261189546, 0.013490482392176996, 0.11237549759630808, 0.007977414761376114, 0.017883597674801254, 0.03342247829786375, 0.0026843262581552362, 0.0016166161087861177, 0.0, 0.00038201385246950227, 0.018256913751016027, 0.11592063708945283, 0.00015449515880183715, 0.004049768274009916, 0.001817198632774698, 0.00934415767931597, 0.001320679388015766, 0.0009848094233481839, 0.0035498590925707664, 0.006988910490060872, 0.0, 0.0, 0.0010605893575567212, 0.0, 0.00016938974607323676, 0.0, 0.01528695426741112, 0.0, 0.00021708941843279902, 0.0005471747169339885, 0.0, 0.0, 0.0, 0.0, 9.522931458123258e-05, 0.0, 0.0005041306776247712, 0.0, 0.0, 0.0, 0.0, 0.00015560303584993872, 0.0, 4.249139410083043e-05, 0.0, 0.0, 0.0004079203613740509, 0.0],