{"SamplingSelector(iterations=200, evaluator=FeatureEvaluator(folds=4, max_depth=8, sample=500))": [{"scores": [0.16862726510601792, 0.048875705693500686, 0.3430877563480461, 0.08465255033903953, 0.07637282122745266, 0.16899751002803992, 0.1093863912579032, 0.0], "columns": ["issue_date", "condition", "color_type", "length(m)", "height(cm)", "X1", "X2", "pet_category"]}, {"scores": [0.10687294289099672, 0.013136579464684139, 0.1843811450435181, 0.03000507507854683, 0.022734496800364386, 0.10551170184540261, 0.03326219635342335, 0.0, 0.035676284875361466, 0.02101101070503353, 0.019349034574695743, 0.010711565725541721, 0.0179821219813687, 0.03671141033727704, 0.020659466373238587, 0.03448918574420368, 0.029153633707555936, 0.10625579602863948, 0.016164380286138966, 0.03436551475515774, 0.020853338247314793, 0.00831250188840641, 0.020844633751402775, 0.0, 0.006742807035888676, 0.019579363263788636, 0.02812519414716326, 0.017108619094886687], "columns": ["issue_date", "condition", "color_type", "length(m)", "height(cm)", "X1", "X2", "pet_category", "Split(-)(issue_date)_0", "Split(-)(issue_date)_1", "Split(-)(issue_date)_2", "Split(-)(listing_date)_0", "Split(-)(listing_date)_1", "Split(:)(listing_date)_0", "Split(:)(listing_date)_1", "Split( )(listing_date)_0", "Split( )(listing_date)_1", "Split( )(color_type)_0", "ExtractNumber(:(?:\\d*[.,]\\d+)|(?:\\d+[.,]?))(?:[Ee][+-)(pet_id)_0", "ExtractNumber(:(?:\\d*[.,]\\d+)|(?:\\d+[.,]?))(?:[Ee][+-)(issue_date)_0", "ExtractNumber((\\d{2}))(issue_date)_0", "ExtractNumber(:(?:\\d*[.,]\\d+)|(?:\\d+[.,]?))(?:[Ee][+-)(listing_date)_0", "ExtractNumber((\\d{2}))(listing_date)_0", "OneHot()(X2)_0", "OneHot()(X2)_1", "OneHot()(X2)_4", "OneHot()(X2)_7", "OneHot()(X2)_9"]}, {"scores": [0.09966332513431844, 0.011471679695580744, 0.18066749166569163, 0.02618056017531402, 0.017822386549309524, 0.1067913325610589, 0.02990080164708863, 0.0, 0.02943673117975371, 0.010632848475305948, 0.01263012265651091, 0.005272330604402606, 0.012007774018502095, 0.024728216322200215, 0.0156785242312333, 0.023398800238245587, 0.020168489030361184, 0.09022846821411498, 0.011042950022274454, 0.029803258980134327, 0.013966891701060193, 0.004863234486603533, 0.012092780586703926, 0.0, 0.0024624508715552903, 0.021937765696404432, 0.02561182903422357, 0.0171072212951517, 0.01845472335872118, 0.013274794041975364, 0.008704438046114808, 0.012588752980369747, 0.013561772252717713, 0.013969878772193807, 0.00837554955699166, 0.0015883172863968816, 0.0017600068672422057, 0.0034592531525953333, 0.0009390882558834906, 0.00132083688737307, 0.002795685879152466, 0.004377276728983248, 0.0008458840356277416, 0.0013690848612544395, 0.0007344160249333798, 0.00542918387948021, 0.001230779767364978, 0.0016446147604809935, 0.0036508568620822602, 0.0018868446899373177, 0.002336875208512227, 0.0007267295147236751, 0.0008179909615944417, 0.0041699928329780225, 0.0018970278007731606, 0.00043957399545850844, 0.0012168584287606547, 0.0005029112016252919, 0.0023649589716491183, 0.0017800685657575624, 0.00328621912140206, 0.0014610784115497673, 0.0014694109642393984], "columns": ["issue_date", "condition", "color_type", "length(m)", "height(cm)", "X1", "X2", "pet_category", "Split(-)(issue_date)_0", "Split(-)(issue_date)_1", "Split(-)(issue_date)_2", "Split(-)(listing_date)_0", "Split(-)(listing_date)_1", "Split(:)(listing_date)_0", "Split(:)(listing_date)_1", "Split( )(listing_date)_0", "Split( )(listing_date)_1", "Split( )(color_type)_0", "ExtractNumber(:(?:\\d*[.,]\\d+)|(?:\\d+[.,]?))(?:[Ee][+-)(pet_id)_0", "ExtractNumber(:(?:\\d*[.,]\\d+)|(?:\\d+[.,]?))(?:[Ee][+-)(issue_date)_0", "ExtractNumber((\\d{2}))(issue_date)_0", "ExtractNumber(:(?:\\d*[.,]\\d+)|(?:\\d+[.,]?))(?:[Ee][+-)(listing_date)_0", "ExtractNumber((\\d{2}))(listing_date)_0", "OneHot()(X2)_0", "OneHot()(X2)_1", "OneHot()(X2)_4", "OneHot()(X2)_7", "OneHot()(X2)_9", "Split(:)(Split(-)(listing_date)_2)_0", "Split( )(Split(-)(listing_date)_2)_0", "Split( )(Split(:)(listing_date)_0)_1", "ExtractNumber(:(?:\\d*[.,]\\d+)|(?:\\d+[.,]?))(?:[Ee][+-)(Split(-)(issue_date)_2)_0", "ExtractNumber(:(?:\\d*[.,]\\d+)|(?:\\d+[.,]?))(?:[Ee][+-)(Split(-)(listing_date)_2)_0", "ExtractNumber(:(?:\\d*[.,]\\d+)|(?:\\d+[.,]?))(?:[Ee][+-)(Split(:)(listing_date)_1)_0", "ExtractNumber(:(?:\\d*[.,]\\d+)|(?:\\d+[.,]?))(?:[Ee][+-)(Split( )(listing_date)_1)_0", "OneHot()(Split(-)(issue_date)_1)_01", "OneHot()(Split(-)(issue_date)_1)_02", "OneHot()(Split(-)(issue_date)_1)_03", "OneHot()(Split(-)(issue_date)_1)_04", "OneHot()(Split(-)(issue_date)_1)_05", "OneHot()(Split(-)(issue_date)_1)_06", "OneHot()(Split(-)(issue_date)_1)_07", "OneHot()(Split(-)(issue_date)_1)_08", "OneHot()(Split(-)(issue_date)_1)_09", "OneHot()(Split(-)(issue_date)_1)_10", "OneHot()(Split(-)(issue_date)_1)_11", "OneHot()(Split(-)(issue_date)_1)_12", "OneHot()(Split(-)(listing_date)_0)_2016", "OneHot()(Split(-)(listing_date)_0)_2017", "OneHot()(Split(-)(listing_date)_0)_2018", "OneHot()(Split(-)(listing_date)_0)_2019", "OneHot()(Split(-)(listing_date)_1)_01", "OneHot()(Split(-)(listing_date)_1)_02", "OneHot()(Split(-)(listing_date)_1)_03", "OneHot()(Split(-)(listing_date)_1)_04", "OneHot()(Split(-)(listing_date)_1)_05", "OneHot()(Split(-)(listing_date)_1)_06", "OneHot()(Split(-)(listing_date)_1)_07", "OneHot()(Split(-)(listing_date)_1)_08", "OneHot()(Split(-)(listing_date)_1)_09", "OneHot()(Split(-)(listing_date)_1)_10", "OneHot()(Split(-)(listing_date)_1)_11", "OneHot()(Split(-)(listing_date)_1)_12"]}, {"scores": [0.09385316049138616, 0.011133523625508129, 0.17840177620901454, 0.024203215381279522, 0.01739184526603237, 0.102509366181047, 0.03372279695606011, 0.0, 0.03307240290920345, 0.015000691367464796, 0.013557582977719208, 0.004827499161515256, 0.011627863487746007, 0.023518910841970758, 0.01624005964180423, 0.02738497310397395, 0.024560940096273628, 0.0845342140718139, 0.011564652072062306, 0.033358885349545675, 0.0127861303662322, 0.004892042358135603, 0.011862917697796137, 0.0, 0.005389712330280462, 0.021302464836461355, 0.02624549926785614, 0.016717231808811163, 0.01894991585187216, 0.012592420800920148, 0.01093884505388454, 0.013191773530930706, 0.011849185914984808, 0.012284039675648095, 0.009539727392919028, 0.0010679969311031187, 0.001965701980474725, 0.003030050009514673, 0.0007881917307057733, 0.0005189216363310928, 0.0024621619236724975, 0.0032805761454926152, 0.000771156480527646, 0.0015718670054337145, 0.0008118283584604854, 0.0051631319412149615, 0.001136981641521036, 0.00119060908615192, 0.0027225591091313253, 0.002265864687266245, 0.0015783099688247647, 0.0009155243018081743, 0.001106647957572199, 0.003938930720577434, 0.0017714703222796678, 0.0005558887839946066, 0.0010834587017548981, 0.0005756119472472796, 0.0019927701377053003, 0.002345136668702987, 0.003490655311973171, 0.0012922607465513714, 0.001599469685852596],