{"SamplingSelector(iterations=400, evaluator=FeatureEvaluator(folds=4, max_depth=8, sample=500))": [{"scores": [0.1669379593521199, 0.046576472002408206, 0.33027735087054816, 0.0867404723803194, 0.08447824310354664, 0.17143920895816847, 0.11355029333288921, 0.0], "columns": ["issue_date", "condition", "color_type", "length(m)", "height(cm)", "X1", "X2", "pet_category"]}, {"scores": [0.10556648654760362, 0.01392351470328239, 0.18242331853345117, 0.03179583362442298, 0.021932418770467994, 0.11108797553623506, 0.03423026701455631, 0.0, 0.03453807860055276, 0.019993856466081626, 0.01910669545308505, 0.00786849669267893, 0.019337044513762235, 0.03805152074930201, 0.02021401287580978, 0.03447961127474565, 0.028819892294707255, 0.10786458800733054, 0.014815778643455638, 0.034878381659582444, 0.018960478430165476, 0.007384611854242415, 0.01925192711856391, 0.0, 0.008262914956918627, 0.020627958339213055, 0.029315147963843085, 0.015269189375939858], "columns": ["issue_date", "condition", "color_type", "length(m)", "height(cm)", "X1", "X2", "pet_category", "Split(-)(issue_date)_0", "Split(-)(issue_date)_1", "Split(-)(issue_date)_2", "Split(-)(listing_date)_0", "Split(-)(listing_date)_1", "Split(:)(listing_date)_0", "Split(:)(listing_date)_1", "Split( )(listing_date)_0", "Split( )(listing_date)_1", "Split( )(color_type)_0", "ExtractNumber(:(?:\\d*[.,]\\d+)|(?:\\d+[.,]?))(?:[Ee][+-)(pet_id)_0", "ExtractNumber(:(?:\\d*[.,]\\d+)|(?:\\d+[.,]?))(?:[Ee][+-)(issue_date)_0", "ExtractNumber((\\d{2}))(issue_date)_0", "ExtractNumber(:(?:\\d*[.,]\\d+)|(?:\\d+[.,]?))(?:[Ee][+-)(listing_date)_0", "ExtractNumber((\\d{2}))(listing_date)_0", "OneHot()(X2)_0", "OneHot()(X2)_1", "OneHot()(X2)_4", "OneHot()(X2)_7", "OneHot()(X2)_9"]}, {"scores": [0.0996109483043992, 0.010423362211375431, 0.17841663127893917, 0.02594460593125642, 0.017403788751908976, 0.10409318252609151, 0.030178260288855084, 0.0, 0.029869664599583918, 0.012613771672083683, 0.01318730186108077, 0.004738566930814027, 0.010058911571808538, 0.027522578966141995, 0.014494774276880305, 0.023809401219048683, 0.020577389670608126, 0.0932526636834694, 0.009682226905910042, 0.034766446080828954, 0.014080150413712005, 0.006342644505888149, 0.0120216058923608, 0.0, 0.004268123644534375, 0.01925827848052862, 0.027052846676141155, 0.015277843567458881, 0.020408053009983145, 0.012548469526381091, 0.00863460514543755, 0.01279621267287044, 0.012759528244555427, 0.012925614591343075, 0.008529055877656616, 0.0010419888182835546, 0.0019926385190390215, 0.003399706101501499, 0.0008657884458690331, 0.0008624409644592907, 0.0026884629492581903, 0.0037475956135388172, 0.000444693988097882, 0.0011768397177732786, 0.000877013338450926, 0.005590216245972065, 0.000827844204606535, 0.0013589057115370507, 0.0035135842323924683, 0.0020651354322332323, 0.002168658590859162, 0.0005566968082108318, 0.0009500579189172904, 0.0041326111329232735, 0.002072298280543114, 0.00039070121723507446, 0.001049342187595627, 0.0006063897250268417, 0.0018482838162891646, 0.0020294947721205695, 0.0028144149073790355, 0.0016715192432701178, 0.0017091681366815455], "columns": ["issue_date", "condition", "color_type", "length(m)", "height(cm)", "X1", "X2", "pet_category", "Split(-)(issue_date)_0", "Split(-)(issue_date)_1", "Split(-)(issue_date)_2", "Split(-)(listing_date)_0", "Split(-)(listing_date)_1", "Split(:)(listing_date)_0", "Split(:)(listing_date)_1", "Split( )(listing_date)_0", "Split( )(listing_date)_1", "Split( )(color_type)_0", "ExtractNumber(:(?:\\d*[.,]\\d+)|(?:\\d+[.,]?))(?:[Ee][+-)(pet_id)_0", "ExtractNumber(:(?:\\d*[.,]\\d+)|(?:\\d+[.,]?))(?:[Ee][+-)(issue_date)_0", "ExtractNumber((\\d{2}))(issue_date)_0", "ExtractNumber(:(?:\\d*[.,]\\d+)|(?:\\d+[.,]?))(?:[Ee][+-)(listing_date)_0", "ExtractNumber((\\d{2}))(listing_date)_0", "OneHot()(X2)_0", "OneHot()(X2)_1", "OneHot()(X2)_4", "OneHot()(X2)_7", "OneHot()(X2)_9", "Split(:)(Split(-)(listing_date)_2)_0", "Split( )(Split(-)(listing_date)_2)_0", "Split( )(Split(:)(listing_date)_0)_1", "ExtractNumber(:(?:\\d*[.,]\\d+)|(?:\\d+[.,]?))(?:[Ee][+-)(Split(-)(issue_date)_2)_0", "ExtractNumber(:(?:\\d*[.,]\\d+)|(?:\\d+[.,]?))(?:[Ee][+-)(Split(-)(listing_date)_2)_0", "ExtractNumber(:(?:\\d*[.,]\\d+)|(?:\\d+[.,]?))(?:[Ee][+-)(Split(:)(listing_date)_1)_0", "ExtractNumber(:(?:\\d*[.,]\\d+)|(?:\\d+[.,]?))(?:[Ee][+-)(Split( )(listing_date)_1)_0", "OneHot()(Split(-)(issue_date)_1)_01", "OneHot()(Split(-)(issue_date)_1)_02", "OneHot()(Split(-)(issue_date)_1)_03", "OneHot()(Split(-)(issue_date)_1)_04", "OneHot()(Split(-)(issue_date)_1)_05", "OneHot()(Split(-)(issue_date)_1)_06", "OneHot()(Split(-)(issue_date)_1)_07", "OneHot()(Split(-)(issue_date)_1)_08", "OneHot()(Split(-)(issue_date)_1)_09", "OneHot()(Split(-)(issue_date)_1)_10", "OneHot()(Split(-)(issue_date)_1)_11", "OneHot()(Split(-)(issue_date)_1)_12", "OneHot()(Split(-)(listing_date)_0)_2016", "OneHot()(Split(-)(listing_date)_0)_2017", "OneHot()(Split(-)(listing_date)_0)_2018", "OneHot()(Split(-)(listing_date)_0)_2019", "OneHot()(Split(-)(listing_date)_1)_01", "OneHot()(Split(-)(listing_date)_1)_02", "OneHot()(Split(-)(listing_date)_1)_03", "OneHot()(Split(-)(listing_date)_1)_04", "OneHot()(Split(-)(listing_date)_1)_05", "OneHot()(Split(-)(listing_date)_1)_06", "OneHot()(Split(-)(listing_date)_1)_07", "OneHot()(Split(-)(listing_date)_1)_08", "OneHot()(Split(-)(listing_date)_1)_09", "OneHot()(Split(-)(listing_date)_1)_10", "OneHot()(Split(-)(listing_date)_1)_11", "OneHot()(Split(-)(listing_date)_1)_12"]}, {"scores": [0.09624868128066857, 0.01081252153173044, 0.17435491127000433, 0.0253032971102213, 0.01732073679094111, 0.10309514032112588, 0.03040118879357086, 0.0, 0.02679813219402082, 0.014239738372751555, 0.012137878646778857, 0.004833674864185732, 0.010636871195288401, 0.026545078966412013, 0.012725523948501453, 0.025098648540540933, 0.022401587217481197, 0.0948729486636577, 0.009338509461576761, 0.032663678894501905, 0.015835652785544718, 0.005404528712789647, 0.012745636076096238, 0.0, 0.00723598547678073, 0.019483784129483324, 0.027567681143050148, 0.017450732070470095, 0.01891679763793037, 0.01224018590450084, 0.009066304589040506, 0.011789272327196688, 0.01331191264893328, 0.015244385783223464, 0.010150347174498649, 0.001411478509156779, 0.002363282636328391, 0.0035472447723723538, 0.0007777104608829408, 0.0007933202340531567, 0.0020165685960200517, 0.003919888669780831, 0.0007912914485290125, 0.0011657358465584433, 0.0006764745974043798, 0.005104058480107148, 0.0014765772611621008, 0.0019122099194726352, 0.0034334875584906437, 0.0017275631181486997, 0.0027722587004153395, 0.0005872613606472628, 0.0005824352573256179, 0.004117026565281701, 0.0020670001519553986, 0.00043713971137994103, 0.0009418486103015043, 0.0007330771071208791, 0.0020855037314627557, 0.0022971354114073588, 0.002599205240713459, 0.0015629909521495315, 0.0018282705678733468],