{"SamplingSelector(iterations=100, evaluator=FeatureEvaluator(folds=8, max_depth=8, sample=1000))": [{"scores": [0.1641229278421919, 0.03766592670155311, 0.38455746725799994, 0.06673924943764513, 0.08193079232416904, 0.15683247534950212, 0.10815116108693877, 0.0], "columns": ["issue_date", "condition", "color_type", "length(m)", "height(cm)", "X1", "X2", "pet_category"]}, {"scores": [0.10465841863540125, 0.00751910058839109, 0.19211573497076145, 0.022710133928101943, 0.030740252319384424, 0.08290144427608556, 0.017616337360272315, 0.0, 0.01646399268944006, 0.04392648359471739, 0.01619955505945829, 0.008063517674295804, 0.018966356334576055, 0.04422481011744212, 0.01663982281474226, 0.039610730992090136, 0.04152446548121999, 0.08381300679225347, 0.022612920824361307, 0.020147199942180182, 0.051805737729368966, 0.004906792200860172, 0.014280030313081886, 0.0, 0.0067607995531718005, 0.015273142105994003, 0.0732457993020005, 0.0032734144003475777], "columns": ["issue_date", "condition", "color_type", "length(m)", "height(cm)", "X1", "X2", "pet_category", "Split(-)(issue_date)_0", "Split(-)(issue_date)_1", "Split(-)(issue_date)_2", "Split(-)(listing_date)_0", "Split(-)(listing_date)_1", "Split(:)(listing_date)_0", "Split(:)(listing_date)_1", "Split( )(listing_date)_0", "Split( )(listing_date)_1", "Split( )(color_type)_0", "ExtractNumber(:(?:\\d*[.,]\\d+)|(?:\\d+[.,]?))(?:[Ee][+-)(pet_id)_0", "ExtractNumber(:(?:\\d*[.,]\\d+)|(?:\\d+[.,]?))(?:[Ee][+-)(issue_date)_0", "ExtractNumber((\\d{2}))(issue_date)_0", "ExtractNumber(:(?:\\d*[.,]\\d+)|(?:\\d+[.,]?))(?:[Ee][+-)(listing_date)_0", "ExtractNumber((\\d{2}))(listing_date)_0", "OneHot()(X2)_0", "OneHot()(X2)_1", "OneHot()(X2)_4", "OneHot()(X2)_7", "OneHot()(X2)_9"]}, {"scores": [0.09440818048365562, 0.007605195375741173, 0.16961538793649195, 0.018862009325451262, 0.026210677898188154, 0.08603821470427016, 0.012677529434889522, 0.0, 0.01894506445707973, 0.029739264492085693, 0.010210227851143528, 0.002487866145005174, 0.01002269102417909, 0.042416739357423155, 0.010632379019940977, 0.041159610698110034, 0.0293542555309463, 0.08375577354695939, 0.019126245255019075, 0.012979129001567424, 0.03722775511662646, 0.004703630470798318, 0.01014763346250353, 0.0, 0.0038613462686795377, 0.01381979420476606, 0.07344895764851345, 0.003474640361200372, 0.013270549737465356, 0.007638772693924349, 0.012138793961324128, 0.009340916753774577, 0.007793785787709993, 0.008998270095770011, 0.015635023020301134, 0.0008701929876967783, 0.0010624630520036972, 0.003073099004260949, 0.0005985300665430005, 0.0004361701261169873, 0.0008664751235622984, 0.011455669694211015, 0.0009212823464046943, 0.0012955477287403087, 0.0010501958869583196, 0.0025328098354304484, 0.0009345354714896905, 0.0012298949416046753, 0.001142113909839254, 0.001389353624343626, 0.0024056021440310633, 0.0023805892746969794, 0.0005126579318981529, 0.0003517602591920841, 0.0007144739534080615, 0.0021589289465851215, 0.0016520035000033484, 0.0010147634256094818, 0.0012545777707518556, 0.002792593572279781, 0.004517283850664072, 0.0034244322872482445, 0.00021568816292136478], "columns": ["issue_date", "condition", "color_type", "length(m)", "height(cm)", "X1", "X2", "pet_category", "Split(-)(issue_date)_0", "Split(-)(issue_date)_1", "Split(-)(issue_date)_2", "Split(-)(listing_date)_0", "Split(-)(listing_date)_1", "Split(:)(listing_date)_0", "Split(:)(listing_date)_1", "Split( )(listing_date)_0", "Split( )(listing_date)_1", "Split( )(color_type)_0", "ExtractNumber(:(?:\\d*[.,]\\d+)|(?:\\d+[.,]?))(?:[Ee][+-)(pet_id)_0", "ExtractNumber(:(?:\\d*[.,]\\d+)|(?:\\d+[.,]?))(?:[Ee][+-)(issue_date)_0", "ExtractNumber((\\d{2}))(issue_date)_0", "ExtractNumber(:(?:\\d*[.,]\\d+)|(?:\\d+[.,]?))(?:[Ee][+-)(listing_date)_0", "ExtractNumber((\\d{2}))(listing_date)_0", "OneHot()(X2)_0", "OneHot()(X2)_1", "OneHot()(X2)_4", "OneHot()(X2)_7", "OneHot()(X2)_9", "Split(:)(Split(-)(listing_date)_2)_0", "Split( )(Split(-)(listing_date)_2)_0", "Split( )(Split(:)(listing_date)_0)_1", "ExtractNumber(:(?:\\d*[.,]\\d+)|(?:\\d+[.,]?))(?:[Ee][+-)(Split(-)(issue_date)_2)_0", "ExtractNumber(:(?:\\d*[.,]\\d+)|(?:\\d+[.,]?))(?:[Ee][+-)(Split(-)(listing_date)_2)_0", "ExtractNumber(:(?:\\d*[.,]\\d+)|(?:\\d+[.,]?))(?:[Ee][+-)(Split(:)(listing_date)_1)_0", "ExtractNumber(:(?:\\d*[.,]\\d+)|(?:\\d+[.,]?))(?:[Ee][+-)(Split( )(listing_date)_1)_0", "OneHot()(Split(-)(issue_date)_1)_01", "OneHot()(Split(-)(issue_date)_1)_02", "OneHot()(Split(-)(issue_date)_1)_03", "OneHot()(Split(-)(issue_date)_1)_04", "OneHot()(Split(-)(issue_date)_1)_05", "OneHot()(Split(-)(issue_date)_1)_06", "OneHot()(Split(-)(issue_date)_1)_07", "OneHot()(Split(-)(issue_date)_1)_08", "OneHot()(Split(-)(issue_date)_1)_09", "OneHot()(Split(-)(issue_date)_1)_10", "OneHot()(Split(-)(issue_date)_1)_11", "OneHot()(Split(-)(issue_date)_1)_12", "OneHot()(Split(-)(listing_date)_0)_2016", "OneHot()(Split(-)(listing_date)_0)_2017", "OneHot()(Split(-)(listing_date)_0)_2018", "OneHot()(Split(-)(listing_date)_0)_2019", "OneHot()(Split(-)(listing_date)_1)_01", "OneHot()(Split(-)(listing_date)_1)_02", "OneHot()(Split(-)(listing_date)_1)_03", "OneHot()(Split(-)(listing_date)_1)_04", "OneHot()(Split(-)(listing_date)_1)_05", "OneHot()(Split(-)(listing_date)_1)_06", "OneHot()(Split(-)(listing_date)_1)_07", "OneHot()(Split(-)(listing_date)_1)_08", "OneHot()(Split(-)(listing_date)_1)_09", "OneHot()(Split(-)(listing_date)_1)_10", "OneHot()(Split(-)(listing_date)_1)_11", "OneHot()(Split(-)(listing_date)_1)_12"]}, {"scores": [0.10193385303668757, 0.003975309519332811, 0.17701367059039516, 0.01642253207692475, 0.022309999875520313, 0.07772932042962728, 0.009551728770144935, 0.0, 0.016584208533562263, 0.039903663752704724, 0.007981236220957833, 0.0013841396946686184, 0.012832751856081029, 0.045455187402975314, 0.013312679301650004, 0.03494551625726565, 0.030875428538728038, 0.08588906130050782, 0.017519365754037123, 0.015531997731029248, 0.028140456024010486, 0.00410628208260223, 0.01199382495130751, 0.0, 0.0031253113347304803, 0.014563212631535361, 0.0711796196190588, 0.0025823279205799666, 0.015735307059127897, 0.007167206129656109, 0.012445036016027632, 0.00912165297969265, 0.007965895186132456, 0.011967846775161928, 0.010662675733303142, 0.0008446197622271669, 0.000704487183009323, 0.0016617521759793117, 0.0007459587487394493, 0.0008699698865247331, 0.001228166020386906, 0.01692267276144577, 0.0006563627359475589, 0.001556905770132117, 0.0013741584721501212, 0.0021947669845326628, 0.001372371273693006, 0.000802883904053282, 0.0007764719683259616, 0.0015839479033137266, 0.0031705254957592474, 0.002457135049882478, 0.0004244518615408597, 0.0004801910112588121, 0.0006903689048447005, 0.0012455198152317938, 0.0013230207570335537, 0.0006357879876416593, 0.0016265067260796435, 0.002572560658789487, 0.007116483038561938, 0.0024820601385424227, 0.0005715879186452875],