{"SamplingSelector(iterations=100, evaluator=FeatureEvaluator(folds=8, max_depth=2, sample=500))": [{"scores": [0.18812780815135893, 0.023359427795020146, 0.3757559862111494, 0.012003912096886732, 0.00566287889040158, 0.2892896553255899, 0.10580033152959363, 0.0], "columns": ["issue_date", "condition", "color_type", "length(m)", "height(cm)", "X1", "X2", "pet_category"]}, {"scores": [0.16994811721284273, 0.004228221581120034, 0.2392015752438798, 0.0, 0.0004241653183734828, 0.20808116667994406, 0.039610730470658585, 0.0, 0.04242789105620438, 0.004549867716655668, 0.0, 0.0006031762706178872, 0.0006446723501719121, 0.0027737216452659833, 0.004159063016302573, 0.0018110759128857669, 0.0, 0.1341001017333848, 0.0, 0.06430877889507254, 0.0024874661469878306, 0.0, 0.0, 0.0, 0.0019516394389939857, 0.014366220206853679, 0.061452030723017366, 0.002870318380766931], "columns": ["issue_date", "condition", "color_type", "length(m)", "height(cm)", "X1", "X2", "pet_category", "Split(-)(issue_date)_0", "Split(-)(issue_date)_1", "Split(-)(issue_date)_2", "Split(-)(listing_date)_0", "Split(-)(listing_date)_1", "Split(:)(listing_date)_0", "Split(:)(listing_date)_1", "Split( )(listing_date)_0", "Split( )(listing_date)_1", "Split( )(color_type)_0", "ExtractNumber(:(?:\\d*[.,]\\d+)|(?:\\d+[.,]?))(?:[Ee][+-)(pet_id)_0", "ExtractNumber(:(?:\\d*[.,]\\d+)|(?:\\d+[.,]?))(?:[Ee][+-)(issue_date)_0", "ExtractNumber((\\d{2}))(issue_date)_0", "ExtractNumber(:(?:\\d*[.,]\\d+)|(?:\\d+[.,]?))(?:[Ee][+-)(listing_date)_0", "ExtractNumber((\\d{2}))(listing_date)_0", "OneHot()(X2)_0", "OneHot()(X2)_1", "OneHot()(X2)_4", "OneHot()(X2)_7", "OneHot()(X2)_9"]}, {"scores": [0.17027343040838067, 0.0, 0.18803802383433862, 0.0, 0.0, 0.23897389328361726, 0.025911357433436272, 0.0, 0.05503122039018752, 0.00017452042437638126, 0.0, 0.0, 0.0, 0.0006026140182894893, 0.0, 0.0012379285815264111, 0.0, 0.17683459945476385, 0.0, 0.03764435229385834, 0.008685904039799366, 0.0, 0.0, 0.0, 0.004225680743569558, 0.007880947427828883, 0.05904147756075559, 0.01101030676841111, 0.004427726513217535, 0.0032953290543299616, 0.0, 0.0, 0.005980317820745392, 0.0, 0.0, 0.000189046160295404, 0.0, 0.0, 0.0, 0.0, 0.0, 0.0005413237882723824, 0.0, 0.0, 0.0, 0.0, 0.0, 0.0, 0.0, 0.0, 0.0, 0.0, 0.0, 0.0, 0.0, 0.0, 0.0, 0.0, 0.0, 0.0, 0.0, 0.0, 0.0], "columns": ["issue_date", "condition", "color_type", "length(m)", "height(cm)", "X1", "X2", "pet_category", "Split(-)(issue_date)_0", "Split(-)(issue_date)_1", "Split(-)(issue_date)_2", "Split(-)(listing_date)_0", "Split(-)(listing_date)_1", "Split(:)(listing_date)_0", "Split(:)(listing_date)_1", "Split( )(listing_date)_0", "Split( )(listing_date)_1", "Split( )(color_type)_0", "ExtractNumber(:(?:\\d*[.,]\\d+)|(?:\\d+[.,]?))(?:[Ee][+-)(pet_id)_0", "ExtractNumber(:(?:\\d*[.,]\\d+)|(?:\\d+[.,]?))(?:[Ee][+-)(issue_date)_0", "ExtractNumber((\\d{2}))(issue_date)_0", "ExtractNumber(:(?:\\d*[.,]\\d+)|(?:\\d+[.,]?))(?:[Ee][+-)(listing_date)_0", "ExtractNumber((\\d{2}))(listing_date)_0", "OneHot()(X2)_0", "OneHot()(X2)_1", "OneHot()(X2)_4", "OneHot()(X2)_7", "OneHot()(X2)_9", "Split(:)(Split(-)(listing_date)_2)_0", "Split( )(Split(-)(listing_date)_2)_0", "Split( )(Split(:)(listing_date)_0)_1", "ExtractNumber(:(?:\\d*[.,]\\d+)|(?:\\d+[.,]?))(?:[Ee][+-)(Split(-)(issue_date)_2)_0", "ExtractNumber(:(?:\\d*[.,]\\d+)|(?:\\d+[.,]?))(?:[Ee][+-)(Split(-)(listing_date)_2)_0", "ExtractNumber(:(?:\\d*[.,]\\d+)|(?:\\d+[.,]?))(?:[Ee][+-)(Split(:)(listing_date)_1)_0", "ExtractNumber(:(?:\\d*[.,]\\d+)|(?:\\d+[.,]?))(?:[Ee][+-)(Split( )(listing_date)_1)_0", "OneHot()(Split(-)(issue_date)_1)_01", "OneHot()(Split(-)(issue_date)_1)_02", "OneHot()(Split(-)(issue_date)_1)_03", "OneHot()(Split(-)(issue_date)_1)_04", "OneHot()(Split(-)(issue_date)_1)_05", "OneHot()(Split(-)(issue_date)_1)_06", "OneHot()(Split(-)(issue_date)_1)_07", "OneHot()(Split(-)(issue_date)_1)_08", "OneHot()(Split(-)(issue_date)_1)_09", "OneHot()(Split(-)(issue_date)_1)_10", "OneHot()(Split(-)(issue_date)_1)_11", "OneHot()(Split(-)(issue_date)_1)_12", "OneHot()(Split(-)(listing_date)_0)_2016", "OneHot()(Split(-)(listing_date)_0)_2017", "OneHot()(Split(-)(listing_date)_0)_2018", "OneHot()(Split(-)(listing_date)_0)_2019", "OneHot()(Split(-)(listing_date)_1)_01", "OneHot()(Split(-)(listing_date)_1)_02", "OneHot()(Split(-)(listing_date)_1)_03", "OneHot()(Split(-)(listing_date)_1)_04", "OneHot()(Split(-)(listing_date)_1)_05", "OneHot()(Split(-)(listing_date)_1)_06", "OneHot()(Split(-)(listing_date)_1)_07", "OneHot()(Split(-)(listing_date)_1)_08", "OneHot()(Split(-)(listing_date)_1)_09", "OneHot()(Split(-)(listing_date)_1)_10", "OneHot()(Split(-)(listing_date)_1)_11", "OneHot()(Split(-)(listing_date)_1)_12"]}, {"scores": [0.19702028618593334, 0.0, 0.21625736734892662, 0.0, 0.0, 0.21042158665071145, 0.02472115747869021, 0.0, 0.06928428613592041, 0.017682390784044707, 0.0, 0.0013635815305670647, 0.0019974907931313516, 0.00020087825091371435, 0.0049633253019749106, 0.0005903584695613985, 0.0, 0.1316142410528526, 0.0, 0.04141326319821154, 0.004820736648719635, 0.0, 0.0, 0.0, 0.0, 0.007068165568719105, 0.03857811744449517, 0.015231121644370477, 0.004329768379488389, 0.0036197761217281184, 0.0005777774164425244, 0.0, 0.006386795701283872, 0.0, 0.0, 0.00037802863422727143, 0.0, 0.0, 0.0, 0.0, 0.0, 0.0014794992590859756, 0.0, 0.0, 0.0, 0.0, 0.0, 0.0, 0.0, 0.0, 0.0, 0.0, 0.0, 0.0, 0.0, 0.0, 0.0, 0.0, 0.0, 0.0, 0.0, 0.0, 0.0],