{"SamplingSelector(iterations=100, evaluator=FeatureEvaluator(folds=8, max_depth=8, sample=500))": [{"scores": [0.17382196314787374, 0.051438578159175415, 0.3408133177061323, 0.0781539596653306, 0.07907370287390782, 0.16676840984218547, 0.10993006860539463, 0.0], "columns": ["issue_date", "condition", "color_type", "length(m)", "height(cm)", "X1", "X2", "pet_category"]}, {"scores": [0.10945475734010074, 0.01588864524637227, 0.1832258347262577, 0.03199832227291217, 0.024510073778018237, 0.10110431663126118, 0.04491114064117631, 0.0, 0.028813874145968484, 0.019138204693096305, 0.019719687154120702, 0.008768004006002481, 0.02240493173897285, 0.036386964876592515, 0.02282759586281408, 0.03069222771215959, 0.02598721104157143, 0.09776935972447465, 0.015661798333391003, 0.03500421605457355, 0.026449671082599505, 0.0061442394388065485, 0.02165252993522742, 0.0, 0.00758966911179898, 0.01962572303874191, 0.03285218603419279, 0.011418815378796656], "columns": ["issue_date", "condition", "color_type", "length(m)", "height(cm)", "X1", "X2", "pet_category", "Split(-)(issue_date)_0", "Split(-)(issue_date)_1", "Split(-)(issue_date)_2", "Split(-)(listing_date)_0", "Split(-)(listing_date)_1", "Split(:)(listing_date)_0", "Split(:)(listing_date)_1", "Split( )(listing_date)_0", "Split( )(listing_date)_1", "Split( )(color_type)_0", "ExtractNumber(:(?:\\d*[.,]\\d+)|(?:\\d+[.,]?))(?:[Ee][+-)(pet_id)_0", "ExtractNumber(:(?:\\d*[.,]\\d+)|(?:\\d+[.,]?))(?:[Ee][+-)(issue_date)_0", "ExtractNumber((\\d{2}))(issue_date)_0", "ExtractNumber(:(?:\\d*[.,]\\d+)|(?:\\d+[.,]?))(?:[Ee][+-)(listing_date)_0", "ExtractNumber((\\d{2}))(listing_date)_0", "OneHot()(X2)_0", "OneHot()(X2)_1", "OneHot()(X2)_4", "OneHot()(X2)_7", "OneHot()(X2)_9"]}, {"scores": [0.09898846545710144, 0.01080970950454564, 0.15485069715404354, 0.023470965477237284, 0.01949571927962696, 0.10663874052500362, 0.03262499616221527, 0.0, 0.027780570542352286, 0.011231828852259092, 0.012270399211626981, 0.005399017663270453, 0.013131898929867688, 0.025436131064244295, 0.012792434482426757, 0.031094788174446684, 0.02083844033123771, 0.10183788153807363, 0.01327569120226705, 0.021859212705430155, 0.014976545227031826, 0.005725831556669721, 0.013096124902342543, 0.0, 0.0062614442356654825, 0.01813182781064916, 0.030142717165458067, 0.016624638648680783, 0.020709026956983612, 0.014184959762886645, 0.01002240173864724, 0.012721460184563754, 0.015068314575684806, 0.014604376763816138, 0.010570730207096245, 0.00091174409477161, 0.002596268680834324, 0.002818587847175587, 0.0008340190093603308, 0.0005155973964801226, 0.0031537365557913945, 0.004550879380498149, 0.00048147620701134106, 0.0010496314205279877, 0.0008501483022413028, 0.004800366844405708, 0.0005420578219248885, 0.0014831627242158723, 0.003062070973569042, 0.0016947271724363335, 0.0025473829525429355, 0.0003718867429483027, 0.0012804242975928358, 0.0043147068970946535, 0.0022654751627204455, 0.0003179044174658905, 0.0009401239873626033, 0.00042970097926543923, 0.002556731661362765, 0.0017056627101853115, 0.0046382067425545645, 0.0014067133463991233, 0.0012126176778087063], "columns": ["issue_date", "condition", "color_type", "length(m)", "height(cm)", "X1", "X2", "pet_category", "Split(-)(issue_date)_0", "Split(-)(issue_date)_1", "Split(-)(issue_date)_2", "Split(-)(listing_date)_0", "Split(-)(listing_date)_1", "Split(:)(listing_date)_0", "Split(:)(listing_date)_1", "Split( )(listing_date)_0", "Split( )(listing_date)_1", "Split( )(color_type)_0", "ExtractNumber(:(?:\\d*[.,]\\d+)|(?:\\d+[.,]?))(?:[Ee][+-)(pet_id)_0", "ExtractNumber(:(?:\\d*[.,]\\d+)|(?:\\d+[.,]?))(?:[Ee][+-)(issue_date)_0", "ExtractNumber((\\d{2}))(issue_date)_0", "ExtractNumber(:(?:\\d*[.,]\\d+)|(?:\\d+[.,]?))(?:[Ee][+-)(listing_date)_0", "ExtractNumber((\\d{2}))(listing_date)_0", "OneHot()(X2)_0", "OneHot()(X2)_1", "OneHot()(X2)_4", "OneHot()(X2)_7", "OneHot()(X2)_9", "Split(:)(Split(-)(listing_date)_2)_0", "Split( )(Split(-)(listing_date)_2)_0", "Split( )(Split(:)(listing_date)_0)_1", "ExtractNumber(:(?:\\d*[.,]\\d+)|(?:\\d+[.,]?))(?:[Ee][+-)(Split(-)(issue_date)_2)_0", "ExtractNumber(:(?:\\d*[.,]\\d+)|(?:\\d+[.,]?))(?:[Ee][+-)(Split(-)(listing_date)_2)_0", "ExtractNumber(:(?:\\d*[.,]\\d+)|(?:\\d+[.,]?))(?:[Ee][+-)(Split(:)(listing_date)_1)_0", "ExtractNumber(:(?:\\d*[.,]\\d+)|(?:\\d+[.,]?))(?:[Ee][+-)(Split( )(listing_date)_1)_0", "OneHot()(Split(-)(issue_date)_1)_01", "OneHot()(Split(-)(issue_date)_1)_02", "OneHot()(Split(-)(issue_date)_1)_03", "OneHot()(Split(-)(issue_date)_1)_04", "OneHot()(Split(-)(issue_date)_1)_05", "OneHot()(Split(-)(issue_date)_1)_06", "OneHot()(Split(-)(issue_date)_1)_07", "OneHot()(Split(-)(issue_date)_1)_08", "OneHot()(Split(-)(issue_date)_1)_09", "OneHot()(Split(-)(issue_date)_1)_10", "OneHot()(Split(-)(issue_date)_1)_11", "OneHot()(Split(-)(issue_date)_1)_12", "OneHot()(Split(-)(listing_date)_0)_2016", "OneHot()(Split(-)(listing_date)_0)_2017", "OneHot()(Split(-)(listing_date)_0)_2018", "OneHot()(Split(-)(listing_date)_0)_2019", "OneHot()(Split(-)(listing_date)_1)_01", "OneHot()(Split(-)(listing_date)_1)_02", "OneHot()(Split(-)(listing_date)_1)_03", "OneHot()(Split(-)(listing_date)_1)_04", "OneHot()(Split(-)(listing_date)_1)_05", "OneHot()(Split(-)(listing_date)_1)_06", "OneHot()(Split(-)(listing_date)_1)_07", "OneHot()(Split(-)(listing_date)_1)_08", "OneHot()(Split(-)(listing_date)_1)_09", "OneHot()(Split(-)(listing_date)_1)_10", "OneHot()(Split(-)(listing_date)_1)_11", "OneHot()(Split(-)(listing_date)_1)_12"]}, {"scores": [0.10675856923084873, 0.009430067280802703, 0.16465869586501494, 0.02598920371253279, 0.018469182302375094, 0.0999272324886582, 0.029256235280036597, 0.0, 0.03463254280270917, 0.017749486759971962, 0.012838647078151204, 0.004804859575935682, 0.011394003618003176, 0.02197744006669751, 0.018961334595333335, 0.026809682769379284, 0.021682859161239763, 0.09231522675668326, 0.014770168411823595, 0.023818691431655728, 0.014204935221782006, 0.005660929673590502, 0.01245217235526339, 0.0, 0.0021242438009165246, 0.01660919438862164, 0.027112179481956676, 0.018959026570677374, 0.01831864449568858, 0.009834186322189024, 0.008757302480285152, 0.013634055947190325, 0.015460110692318087, 0.015957710126274796, 0.0091639464788156, 0.0013208579940895808, 0.002210769881288817, 0.0030897420589236666, 0.000837047622967031, 0.0011009582778726467, 0.0017912848625512119, 0.003936858900316956, 0.0008537343358455443, 0.001172912086540396, 0.0005544092383539731, 0.004623850644562476, 0.0012724233286548492, 0.002610402536401144, 0.004079671126777201, 0.001527814121468832, 0.0028846606097659645, 0.0005854971432968395, 0.0010246653882475397, 0.003911411606915304, 0.0029181412879211595, 0.0005422588098764862, 0.0007302263980202028, 0.0005768351992110943, 0.0027750880073389456, 0.0021215375654837494, 0.0040082634017259726, 0.0010427911907356392, 0.00140311915142423],