{"SamplingSelector(iterations=400, evaluator=FeatureEvaluator(folds=8, max_depth=2, sample=1000))": [{"scores": [0.23977643842520321, 0.0064469533637244725, 0.32782749803464234, 0.02357630349454783, 0.03684247904359341, 0.26482291449577916, 0.10070741314250965, 0.0], "columns": ["issue_date", "condition", "color_type", "length(m)", "height(cm)", "X1", "X2", "pet_category"]}, {"scores": [0.16976203107933047, 0.0, 0.16698713010015584, 0.0, 0.00136560079974612, 0.21926759700013954, 0.003040627519490165, 0.0, 0.010194053546712349, 0.020543354226687145, 0.0, 0.0, 0.0, 0.004675596740350502, 0.0003327277394246234, 0.002302391415169339, 0.0028218738827737433, 0.15786353563945493, 0.0008276701477917405, 0.013302391200747691, 0.016536977969333285, 0.0, 0.0, 0.0, 0.0, 0.005689615338011182, 0.20425222791554273, 0.00023459773913938817], "columns": ["issue_date", "condition", "color_type", "length(m)", "height(cm)", "X1", "X2", "pet_category", "Split(-)(issue_date)_0", "Split(-)(issue_date)_1", "Split(-)(issue_date)_2", "Split(-)(listing_date)_0", "Split(-)(listing_date)_1", "Split(:)(listing_date)_0", "Split(:)(listing_date)_1", "Split( )(listing_date)_0", "Split( )(listing_date)_1", "Split( )(color_type)_0", "ExtractNumber(:(?:\\d*[.,]\\d+)|(?:\\d+[.,]?))(?:[Ee][+-)(pet_id)_0", "ExtractNumber(:(?:\\d*[.,]\\d+)|(?:\\d+[.,]?))(?:[Ee][+-)(issue_date)_0", "ExtractNumber((\\d{2}))(issue_date)_0", "ExtractNumber(:(?:\\d*[.,]\\d+)|(?:\\d+[.,]?))(?:[Ee][+-)(listing_date)_0", "ExtractNumber((\\d{2}))(listing_date)_0", "OneHot()(X2)_0", "OneHot()(X2)_1", "OneHot()(X2)_4", "OneHot()(X2)_7", "OneHot()(X2)_9"]}, {"scores": [0.17414787218441768, 0.0, 0.18573263904126747, 0.0, 0.0012058442854234138, 0.21789772165237972, 0.000853632516612166, 0.0, 0.013457287803270452, 0.02308150158630651, 0.0, 0.0012465161694948214, 0.0, 0.0018079990727062093, 0.0, 0.001703601164959866, 0.00185034800641703, 0.11401173503128087, 0.0005354744860901443, 0.008661494284145812, 0.022049948581476773, 0.0006104235267501805, 0.0, 0.0, 0.0, 0.006751019476647823, 0.2158745865084042, 0.0, 0.000300085170198427, 0.000393320869608052, 0.002750169437316106, 0.0, 0.0003424218151746556, 0.0, 0.0018754127278388282, 0.0, 0.0, 0.0005618235043482433, 0.0, 0.0, 0.0, 0.0022971210974646215, 0.0, 0.0, 0.0, 0.0, 0.0, 0.0, 0.0, 0.0, 0.0, 0.0, 0.0, 0.0, 0.0, 0.0, 0.0, 0.0, 0.0, 0.0, 0.0, 0.0, 0.0], "columns": ["issue_date", "condition", "color_type", "length(m)", "height(cm)", "X1", "X2", "pet_category", "Split(-)(issue_date)_0", "Split(-)(issue_date)_1", "Split(-)(issue_date)_2", "Split(-)(listing_date)_0", "Split(-)(listing_date)_1", "Split(:)(listing_date)_0", "Split(:)(listing_date)_1", "Split( )(listing_date)_0", "Split( )(listing_date)_1", "Split( )(color_type)_0", "ExtractNumber(:(?:\\d*[.,]\\d+)|(?:\\d+[.,]?))(?:[Ee][+-)(pet_id)_0", "ExtractNumber(:(?:\\d*[.,]\\d+)|(?:\\d+[.,]?))(?:[Ee][+-)(issue_date)_0", "ExtractNumber((\\d{2}))(issue_date)_0", "ExtractNumber(:(?:\\d*[.,]\\d+)|(?:\\d+[.,]?))(?:[Ee][+-)(listing_date)_0", "ExtractNumber((\\d{2}))(listing_date)_0", "OneHot()(X2)_0", "OneHot()(X2)_1", "OneHot()(X2)_4", "OneHot()(X2)_7", "OneHot()(X2)_9", "Split(:)(Split(-)(listing_date)_2)_0", "Split( )(Split(-)(listing_date)_2)_0", "Split( )(Split(:)(listing_date)_0)_1", "ExtractNumber(:(?:\\d*[.,]\\d+)|(?:\\d+[.,]?))(?:[Ee][+-)(Split(-)(issue_date)_2)_0", "ExtractNumber(:(?:\\d*[.,]\\d+)|(?:\\d+[.,]?))(?:[Ee][+-)(Split(-)(listing_date)_2)_0", "ExtractNumber(:(?:\\d*[.,]\\d+)|(?:\\d+[.,]?))(?:[Ee][+-)(Split(:)(listing_date)_1)_0", "ExtractNumber(:(?:\\d*[.,]\\d+)|(?:\\d+[.,]?))(?:[Ee][+-)(Split( )(listing_date)_1)_0", "OneHot()(Split(-)(issue_date)_1)_01", "OneHot()(Split(-)(issue_date)_1)_02", "OneHot()(Split(-)(issue_date)_1)_03", "OneHot()(Split(-)(issue_date)_1)_04", "OneHot()(Split(-)(issue_date)_1)_05", "OneHot()(Split(-)(issue_date)_1)_06", "OneHot()(Split(-)(issue_date)_1)_07", "OneHot()(Split(-)(issue_date)_1)_08", "OneHot()(Split(-)(issue_date)_1)_09", "OneHot()(Split(-)(issue_date)_1)_10", "OneHot()(Split(-)(issue_date)_1)_11", "OneHot()(Split(-)(issue_date)_1)_12", "OneHot()(Split(-)(listing_date)_0)_2016", "OneHot()(Split(-)(listing_date)_0)_2017", "OneHot()(Split(-)(listing_date)_0)_2018", "OneHot()(Split(-)(listing_date)_0)_2019", "OneHot()(Split(-)(listing_date)_1)_01", "OneHot()(Split(-)(listing_date)_1)_02", "OneHot()(Split(-)(listing_date)_1)_03", "OneHot()(Split(-)(listing_date)_1)_04", "OneHot()(Split(-)(listing_date)_1)_05", "OneHot()(Split(-)(listing_date)_1)_06", "OneHot()(Split(-)(listing_date)_1)_07", "OneHot()(Split(-)(listing_date)_1)_08", "OneHot()(Split(-)(listing_date)_1)_09", "OneHot()(Split(-)(listing_date)_1)_10", "OneHot()(Split(-)(listing_date)_1)_11", "OneHot()(Split(-)(listing_date)_1)_12"]}, {"scores": [0.16887584211223822, 0.0, 0.18067811206499998, 0.0, 0.0016520664849332097, 0.21191487150104413, 0.0, 0.0, 0.010431687558623145, 0.0226634074076004, 0.0, 0.0, 0.0, 0.004835362523389184, 0.0, 0.0029025022307074444, 0.0028414200344897395, 0.13734982991534836, 0.0006552868434228303, 0.007904868967756818, 0.027825650327174715, 0.0, 0.0, 0.0, 0.0006644091347911042, 0.004925470391048442, 0.20835254002803805, 0.00014977120153742633, 0.00019102000997204985, 0.0005716779699034585, 0.0024839575964570844, 0.0, 0.0001395927527327701, 0.0002887490789891042, 0.0009424144068527995, 0.0, 0.0, 0.0, 0.0, 0.0, 0.0, 0.0007594894579501211, 0.0, 0.0, 0.0, 0.0, 0.0, 0.0, 0.0, 0.0, 0.0, 0.0, 0.0, 0.0, 0.0, 0.0, 0.0, 0.0, 0.0, 0.0, 0.0, 0.0, 0.0],