{"SamplingSelector(iterations=200, evaluator=FeatureEvaluator(folds=8, max_depth=4, sample=500))": [{"scores": [0.17714251159796005, 0.02686314667287031, 0.38994779724857376, 0.05169865785555901, 0.03112005465479928, 0.2162687104484891, 0.10695912152174837, 0.0], "columns": ["issue_date", "condition", "color_type", "length(m)", "height(cm)", "X1", "X2", "pet_category"]}, {"scores": [0.12907547331308952, 0.0014907903064900745, 0.24323353022019756, 0.015023184767205823, 0.007883332469642306, 0.15281111914960444, 0.029069164812674294, 0.0, 0.037563721962752976, 0.014973189182686293, 0.002543448998340527, 0.006765302912299963, 0.007612597813663186, 0.019108487424283397, 0.00876415503729238, 0.023721267240637497, 0.012077840917394044, 0.13964327873385596, 0.001596752439867788, 0.036125665281015996, 0.012085294425993041, 0.004358503655623168, 0.00938742481944181, 0.0, 0.0037823818534409156, 0.027714843513912107, 0.04157531595247717, 0.012013932796117914], "columns": ["issue_date", "condition", "color_type", "length(m)", "height(cm)", "X1", "X2", "pet_category", "Split(-)(issue_date)_0", "Split(-)(issue_date)_1", "Split(-)(issue_date)_2", "Split(-)(listing_date)_0", "Split(-)(listing_date)_1", "Split(:)(listing_date)_0", "Split(:)(listing_date)_1", "Split( )(listing_date)_0", "Split( )(listing_date)_1", "Split( )(color_type)_0", "ExtractNumber(:(?:\\d*[.,]\\d+)|(?:\\d+[.,]?))(?:[Ee][+-)(pet_id)_0", "ExtractNumber(:(?:\\d*[.,]\\d+)|(?:\\d+[.,]?))(?:[Ee][+-)(issue_date)_0", "ExtractNumber((\\d{2}))(issue_date)_0", "ExtractNumber(:(?:\\d*[.,]\\d+)|(?:\\d+[.,]?))(?:[Ee][+-)(listing_date)_0", "ExtractNumber((\\d{2}))(listing_date)_0", "OneHot()(X2)_0", "OneHot()(X2)_1", "OneHot()(X2)_4", "OneHot()(X2)_7", "OneHot()(X2)_9"]}, {"scores": [0.1298603957115804, 0.00030056285896057036, 0.24419549408041938, 0.009584756404810353, 0.006319012183796269, 0.16981477392638153, 0.025951746894013965, 0.0, 0.031960365517700824, 0.009962313242591694, 0.00153465349631113, 0.005009551321576916, 0.0025781034736198027, 0.014720651815329139, 0.007842835725441715, 0.012166665057869818, 0.00911216085766196, 0.12815543522552256, 0.0011134474121120368, 0.030589410408236338, 0.0080178105470815, 0.005599128259779224, 0.004722433098361118, 0.0, 0.0008157088221191534, 0.033479326834796666, 0.039071294421685526, 0.009709336449889883, 0.008332705223820484, 0.00711596601199294, 0.004663020378693971, 0.0011555596883217945, 0.006631879184669592, 0.006270968332930518, 0.0027779676081704095, 0.0004146029065722668, 0.0005704640132304127, 0.0016411372024224974, 8.976670573170132e-05, 0.0, 0.0015128807493417474, 0.003129536461563168, 8.60019998086506e-05, 4.178482685367909e-05, 0.00017569699789593446, 0.003224308953048247, 0.0, 0.0010620887159061233, 0.0, 0.0, 0.002512377818196765, 0.00010549008372432442, 0.00019559951598833192, 5.411250920801433e-05, 0.00011142082592518794, 4.11727806199758e-05, 5.066579628287139e-05, 5.2710910561920164e-05, 0.0002846992339092757, 0.00014962761353441503, 0.003941420485522752, 0.00046615958228054643, 0.0009508328356221913], "columns": ["issue_date", "condition", "color_type", "length(m)", "height(cm)", "X1", "X2", "pet_category", "Split(-)(issue_date)_0", "Split(-)(issue_date)_1", "Split(-)(issue_date)_2", "Split(-)(listing_date)_0", "Split(-)(listing_date)_1", "Split(:)(listing_date)_0", "Split(:)(listing_date)_1", "Split( )(listing_date)_0", "Split( )(listing_date)_1", "Split( )(color_type)_0", "ExtractNumber(:(?:\\d*[.,]\\d+)|(?:\\d+[.,]?))(?:[Ee][+-)(pet_id)_0", "ExtractNumber(:(?:\\d*[.,]\\d+)|(?:\\d+[.,]?))(?:[Ee][+-)(issue_date)_0", "ExtractNumber((\\d{2}))(issue_date)_0", "ExtractNumber(:(?:\\d*[.,]\\d+)|(?:\\d+[.,]?))(?:[Ee][+-)(listing_date)_0", "ExtractNumber((\\d{2}))(listing_date)_0", "OneHot()(X2)_0", "OneHot()(X2)_1", "OneHot()(X2)_4", "OneHot()(X2)_7", "OneHot()(X2)_9", "Split(:)(Split(-)(listing_date)_2)_0", "Split( )(Split(-)(listing_date)_2)_0", "Split( )(Split(:)(listing_date)_0)_1", "ExtractNumber(:(?:\\d*[.,]\\d+)|(?:\\d+[.,]?))(?:[Ee][+-)(Split(-)(issue_date)_2)_0", "ExtractNumber(:(?:\\d*[.,]\\d+)|(?:\\d+[.,]?))(?:[Ee][+-)(Split(-)(listing_date)_2)_0", "ExtractNumber(:(?:\\d*[.,]\\d+)|(?:\\d+[.,]?))(?:[Ee][+-)(Split(:)(listing_date)_1)_0", "ExtractNumber(:(?:\\d*[.,]\\d+)|(?:\\d+[.,]?))(?:[Ee][+-)(Split( )(listing_date)_1)_0", "OneHot()(Split(-)(issue_date)_1)_01", "OneHot()(Split(-)(issue_date)_1)_02", "OneHot()(Split(-)(issue_date)_1)_03", "OneHot()(Split(-)(issue_date)_1)_04", "OneHot()(Split(-)(issue_date)_1)_05", "OneHot()(Split(-)(issue_date)_1)_06", "OneHot()(Split(-)(issue_date)_1)_07", "OneHot()(Split(-)(issue_date)_1)_08", "OneHot()(Split(-)(issue_date)_1)_09", "OneHot()(Split(-)(issue_date)_1)_10", "OneHot()(Split(-)(issue_date)_1)_11", "OneHot()(Split(-)(issue_date)_1)_12", "OneHot()(Split(-)(listing_date)_0)_2016", "OneHot()(Split(-)(listing_date)_0)_2017", "OneHot()(Split(-)(listing_date)_0)_2018", "OneHot()(Split(-)(listing_date)_0)_2019", "OneHot()(Split(-)(listing_date)_1)_01", "OneHot()(Split(-)(listing_date)_1)_02", "OneHot()(Split(-)(listing_date)_1)_03", "OneHot()(Split(-)(listing_date)_1)_04", "OneHot()(Split(-)(listing_date)_1)_05", "OneHot()(Split(-)(listing_date)_1)_06", "OneHot()(Split(-)(listing_date)_1)_07", "OneHot()(Split(-)(listing_date)_1)_08", "OneHot()(Split(-)(listing_date)_1)_09", "OneHot()(Split(-)(listing_date)_1)_10", "OneHot()(Split(-)(listing_date)_1)_11", "OneHot()(Split(-)(listing_date)_1)_12"]}, {"scores": [0.12296719448991568, 0.0021250856267463545, 0.2313616395384507, 0.008356668254223392, 0.00493498214341616, 0.15925960133308942, 0.0327236944945658, 0.0, 0.04071450986326582, 0.013070648018476903, 0.002036053293448957, 0.003823103891291307, 0.004883836456255304, 0.013679022058385063, 0.00928394187294311, 0.015523184925449188, 0.011331233892359337, 0.12089589292241448, 0.0012129620415500572, 0.036795089136538776, 0.011645487239996127, 0.004581621649903451, 0.004797180362175406, 0.0, 0.002305538747206167, 0.03198657541090641, 0.04143928037097704, 0.010782680057591117, 0.007145639641416109, 0.0058134655839514274, 0.002891957032408803, 0.0018580297612513807, 0.006041039508794711, 0.008324161630724549, 0.005352732346469148, 0.0009852315598193712, 0.0008308890275066339, 0.002495931776420334, 0.00017282786274341685, 0.0, 0.0013122151199398933, 0.0015460351654460827, 0.0, 0.00016496724648922367, 7.543786293577122e-05, 0.0024712028081876817, 7.714061284956513e-05, 0.0011303780537573365, 0.0, 0.0, 0.0017763754478452112, 0.00019490904176895375, 0.0004173586343930851, 0.00039657072036316203, 0.00024221716386191503, 4.8945226885774904e-05, 0.00010820848226842703, 0.000162482770626113, 0.0001448204900837366, 0.0007875471569305899, 0.003907979153025829, 0.0002863233036990963, 0.00032027171559510705],