{"SamplingSelector(iterations=400, evaluator=FeatureEvaluator(folds=8, max_depth=4, sample=1000))": [{"scores": [0.17473846701977633, 0.015494504471182256, 0.40368741723259494, 0.047463906981992036, 0.0523176216319679, 0.1977506451884481, 0.10854743747403889, 0.0], "columns": ["issue_date", "condition", "color_type", "length(m)", "height(cm)", "X1", "X2", "pet_category"]}, {"scores": [0.13292233234884437, 0.001785455914044751, 0.21016269560739986, 0.008481628339815351, 0.007441586616842533, 0.13161624477407924, 0.007138242599965383, 0.0, 0.02020749585083252, 0.052556449119109575, 0.0011859005975914457, 0.001483865668651002, 0.002326560370937235, 0.03945897377651611, 0.00560805279901253, 0.021732350731674035, 0.01621402242699461, 0.12496927340901587, 0.009483275157546224, 0.018382500535430446, 0.048634339994390145, 0.0014280939971746114, 0.0030909085098310483, 0.0, 0.0019632047933016727, 0.01696324056291772, 0.11217442736303204, 0.002588878135049788], "columns": ["issue_date", "condition", "color_type", "length(m)", "height(cm)", "X1", "X2", "pet_category", "Split(-)(issue_date)_0", "Split(-)(issue_date)_1", "Split(-)(issue_date)_2", "Split(-)(listing_date)_0", "Split(-)(listing_date)_1", "Split(:)(listing_date)_0", "Split(:)(listing_date)_1", "Split( )(listing_date)_0", "Split( )(listing_date)_1", "Split( )(color_type)_0", "ExtractNumber(:(?:\\d*[.,]\\d+)|(?:\\d+[.,]?))(?:[Ee][+-)(pet_id)_0", "ExtractNumber(:(?:\\d*[.,]\\d+)|(?:\\d+[.,]?))(?:[Ee][+-)(issue_date)_0", "ExtractNumber((\\d{2}))(issue_date)_0", "ExtractNumber(:(?:\\d*[.,]\\d+)|(?:\\d+[.,]?))(?:[Ee][+-)(listing_date)_0", "ExtractNumber((\\d{2}))(listing_date)_0", "OneHot()(X2)_0", "OneHot()(X2)_1", "OneHot()(X2)_4", "OneHot()(X2)_7", "OneHot()(X2)_9"]}, {"scores": [0.13455337426083527, 0.0013024001741111905, 0.2185063457898909, 0.005734549817218439, 0.0071136713389003715, 0.12880059516933437, 0.0040855521079151075, 0.0, 0.015718461388458026, 0.05190101669749265, 0.0006478985500423228, 0.0013349670039894785, 0.0018586923201328522, 0.03905899727474006, 0.0028533371403998953, 0.020930994424158893, 0.014282191165274028, 0.1080830199967774, 0.008184844611469285, 0.01692669163966377, 0.040893563486012356, 0.0011638693962159254, 0.001811871961634712, 0.0, 0.0014374676358111975, 0.014802925456250168, 0.11892580804760527, 0.0013517178755737829, 0.0032560938642223363, 0.001696309796812603, 0.007390918035100014, 0.0008516381529513168, 0.0017227456297577728, 0.002701637400149254, 0.0062167204701629245, 0.0, 0.0, 0.0019223342277560809, 0.0, 7.167537802082203e-06, 6.994776090561387e-05, 0.008264460612878426, 0.0, 0.00012121608820096236, 0.0005065440323795143, 7.872308298466836e-05, 6.392800220083031e-05, 0.00036976352382478097, 3.7161105644519844e-05, 5.3848480649796883e-05, 0.0005779617242380348, 0.0006070221422019911, 2.2282503360641205e-05, 0.0, 0.0, 0.0001729182682151636, 0.0002361577529431939, 0.0, 3.6431976871907093e-05, 0.0, 0.00036953640909535867, 0.0003282037106149073, 5.3502978167994395e-05], "columns": ["issue_date", "condition", "color_type", "length(m)", "height(cm)", "X1", "X2", "pet_category", "Split(-)(issue_date)_0", "Split(-)(issue_date)_1", "Split(-)(issue_date)_2", "Split(-)(listing_date)_0", "Split(-)(listing_date)_1", "Split(:)(listing_date)_0", "Split(:)(listing_date)_1", "Split( )(listing_date)_0", "Split( )(listing_date)_1", "Split( )(color_type)_0", "ExtractNumber(:(?:\\d*[.,]\\d+)|(?:\\d+[.,]?))(?:[Ee][+-)(pet_id)_0", "ExtractNumber(:(?:\\d*[.,]\\d+)|(?:\\d+[.,]?))(?:[Ee][+-)(issue_date)_0", "ExtractNumber((\\d{2}))(issue_date)_0", "ExtractNumber(:(?:\\d*[.,]\\d+)|(?:\\d+[.,]?))(?:[Ee][+-)(listing_date)_0", "ExtractNumber((\\d{2}))(listing_date)_0", "OneHot()(X2)_0", "OneHot()(X2)_1", "OneHot()(X2)_4", "OneHot()(X2)_7", "OneHot()(X2)_9", "Split(:)(Split(-)(listing_date)_2)_0", "Split( )(Split(-)(listing_date)_2)_0", "Split( )(Split(:)(listing_date)_0)_1", "ExtractNumber(:(?:\\d*[.,]\\d+)|(?:\\d+[.,]?))(?:[Ee][+-)(Split(-)(issue_date)_2)_0", "ExtractNumber(:(?:\\d*[.,]\\d+)|(?:\\d+[.,]?))(?:[Ee][+-)(Split(-)(listing_date)_2)_0", "ExtractNumber(:(?:\\d*[.,]\\d+)|(?:\\d+[.,]?))(?:[Ee][+-)(Split(:)(listing_date)_1)_0", "ExtractNumber(:(?:\\d*[.,]\\d+)|(?:\\d+[.,]?))(?:[Ee][+-)(Split( )(listing_date)_1)_0", "OneHot()(Split(-)(issue_date)_1)_01", "OneHot()(Split(-)(issue_date)_1)_02", "OneHot()(Split(-)(issue_date)_1)_03", "OneHot()(Split(-)(issue_date)_1)_04", "OneHot()(Split(-)(issue_date)_1)_05", "OneHot()(Split(-)(issue_date)_1)_06", "OneHot()(Split(-)(issue_date)_1)_07", "OneHot()(Split(-)(issue_date)_1)_08", "OneHot()(Split(-)(issue_date)_1)_09", "OneHot()(Split(-)(issue_date)_1)_10", "OneHot()(Split(-)(issue_date)_1)_11", "OneHot()(Split(-)(issue_date)_1)_12", "OneHot()(Split(-)(listing_date)_0)_2016", "OneHot()(Split(-)(listing_date)_0)_2017", "OneHot()(Split(-)(listing_date)_0)_2018", "OneHot()(Split(-)(listing_date)_0)_2019", "OneHot()(Split(-)(listing_date)_1)_01", "OneHot()(Split(-)(listing_date)_1)_02", "OneHot()(Split(-)(listing_date)_1)_03", "OneHot()(Split(-)(listing_date)_1)_04", "OneHot()(Split(-)(listing_date)_1)_05", "OneHot()(Split(-)(listing_date)_1)_06", "OneHot()(Split(-)(listing_date)_1)_07", "OneHot()(Split(-)(listing_date)_1)_08", "OneHot()(Split(-)(listing_date)_1)_09", "OneHot()(Split(-)(listing_date)_1)_10", "OneHot()(Split(-)(listing_date)_1)_11", "OneHot()(Split(-)(listing_date)_1)_12"]}, {"scores": [0.13029512785606892, 0.0014845975209854829, 0.21256733389524024, 0.007369185726127069, 0.008060714163050852, 0.12705002140432636, 0.0047327688346543145, 0.0, 0.01555048053690818, 0.05089191417555425, 0.0008302573059769394, 0.0008818473645394014, 0.001455899791602057, 0.03236961231510121, 0.0024972922442866954, 0.019195290079810624, 0.013834338352156583, 0.11447815667144394, 0.009247193710238558, 0.013861117753857202, 0.05402592066649248, 0.0005061524448728594, 0.0020423117977364205, 0.0, 0.0019101906973676092, 0.016948827199343947, 0.11748409004531477, 0.0011758673844773132, 0.0032343325401033352, 0.0018143568214834917, 0.006823724635384554, 0.001033133078709241, 0.0013431053784265232, 0.0033043543989403662, 0.007151473882546806, 5.9817056998250703e-05, 3.996701899683863e-05, 0.0014879929926216806, 0.0, 0.0, 0.0, 0.009109899450013698, 0.0, 0.00017120497647644858, 0.0005223996232448885, 0.0003297229454278607, 2.6606360018559865e-05, 0.0007220341503208709, 0.0, 4.1584743496843885e-05, 0.00028956343137670747, 0.0006344306121652091, 2.928619753756839e-05, 0.0, 7.472956964363677e-05, 0.0002222925218604004, 0.0001372622427722325, 0.0, 0.0, 0.0001126196319344122, 7.838956575695533e-05, 0.00042288325244442006, 3.632298376362782e-05],