{"SamplingSelector(iterations=400, evaluator=FeatureEvaluator(folds=4, max_depth=4, sample=500))": [{"scores": [0.17730730305261894, 0.027044898900676177, 0.37336565044005243, 0.04928239752748131, 0.0382766998378121, 0.21770844321532346, 0.11701460702603535, 0.0], "columns": ["issue_date", "condition", "color_type", "length(m)", "height(cm)", "X1", "X2", "pet_category"]}, {"scores": [0.12638016336757144, 0.0018102247125649648, 0.23509290556481577, 0.017112731386856223, 0.005972897630051409, 0.1663528167888289, 0.031244508828567365, 0.0, 0.037527925776865326, 0.01177944555181307, 0.002404222417080813, 0.005289561862444741, 0.005649588453264959, 0.02290119294805679, 0.007158465318774233, 0.020264651520877287, 0.010653278879458968, 0.14824364959647865, 0.0010900503383182286, 0.03759577359026565, 0.009003752694106549, 0.005634357015801721, 0.005937736677132243, 0.0, 0.004328363316284539, 0.02953981450696486, 0.04223291550541745, 0.008799005751337843], "columns": ["issue_date", "condition", "color_type", "length(m)", "height(cm)", "X1", "X2", "pet_category", "Split(-)(issue_date)_0", "Split(-)(issue_date)_1", "Split(-)(issue_date)_2", "Split(-)(listing_date)_0", "Split(-)(listing_date)_1", "Split(:)(listing_date)_0", "Split(:)(listing_date)_1", "Split( )(listing_date)_0", "Split( )(listing_date)_1", "Split( )(color_type)_0", "ExtractNumber(:(?:\\d*[.,]\\d+)|(?:\\d+[.,]?))(?:[Ee][+-)(pet_id)_0", "ExtractNumber(:(?:\\d*[.,]\\d+)|(?:\\d+[.,]?))(?:[Ee][+-)(issue_date)_0", "ExtractNumber((\\d{2}))(issue_date)_0", "ExtractNumber(:(?:\\d*[.,]\\d+)|(?:\\d+[.,]?))(?:[Ee][+-)(listing_date)_0", "ExtractNumber((\\d{2}))(listing_date)_0", "OneHot()(X2)_0", "OneHot()(X2)_1", "OneHot()(X2)_4", "OneHot()(X2)_7", "OneHot()(X2)_9"]}, {"scores": [0.1300947459193299, 0.000786174664341829, 0.23863609209292244, 0.011664728885793273, 0.005165408829664713, 0.16133413716915304, 0.02863176740432073, 0.0, 0.03505793655079729, 0.009123916540424309, 0.0015543127494885014, 0.004728100643315629, 0.0037208370841950466, 0.015516332880189606, 0.006488617164083635, 0.014235549520631342, 0.008540862702432322, 0.12849599844114729, 0.0006685213375562578, 0.036073781697191, 0.00975146091735386, 0.005344493389127672, 0.005016185681806105, 0.0, 0.002418292962603632, 0.02853638234222318, 0.041465192183666365, 0.011603576589099147, 0.00824123041638083, 0.0055323390153992555, 0.0033727906042322815, 0.0013945390327275715, 0.005216032363388581, 0.006719938699126384, 0.004255578370356068, 0.00024839888354399067, 0.001083389745187008, 0.002446521465027912, 6.422940121901451e-05, 0.0, 0.0011898116364472845, 0.0023920025139701085, 2.3194859365780816e-05, 0.0003248882856883868, 5.834273691178257e-05, 0.0032253391745090637, 1.6562845678478347e-05, 0.0015083369443601021, 0.00012847607975563605, 3.507972024218777e-05, 0.002439556544774269, 4.8715059235558424e-05, 0.00034879861124251194, 0.00010473953117512724, 0.00021100359696165277, 0.0, 0.00010718046207621388, 0.00014990343224560504, 0.0001433217332143937, 0.0005877105738111652, 0.003141018621623273, 0.0003156170735741431, 0.0002720056236900078], "columns": ["issue_date", "condition", "color_type", "length(m)", "height(cm)", "X1", "X2", "pet_category", "Split(-)(issue_date)_0", "Split(-)(issue_date)_1", "Split(-)(issue_date)_2", "Split(-)(listing_date)_0", "Split(-)(listing_date)_1", "Split(:)(listing_date)_0", "Split(:)(listing_date)_1", "Split( )(listing_date)_0", "Split( )(listing_date)_1", "Split( )(color_type)_0", "ExtractNumber(:(?:\\d*[.,]\\d+)|(?:\\d+[.,]?))(?:[Ee][+-)(pet_id)_0", "ExtractNumber(:(?:\\d*[.,]\\d+)|(?:\\d+[.,]?))(?:[Ee][+-)(issue_date)_0", "ExtractNumber((\\d{2}))(issue_date)_0", "ExtractNumber(:(?:\\d*[.,]\\d+)|(?:\\d+[.,]?))(?:[Ee][+-)(listing_date)_0", "ExtractNumber((\\d{2}))(listing_date)_0", "OneHot()(X2)_0", "OneHot()(X2)_1", "OneHot()(X2)_4", "OneHot()(X2)_7", "OneHot()(X2)_9", "Split(:)(Split(-)(listing_date)_2)_0", "Split( )(Split(-)(listing_date)_2)_0", "Split( )(Split(:)(listing_date)_0)_1", "ExtractNumber(:(?:\\d*[.,]\\d+)|(?:\\d+[.,]?))(?:[Ee][+-)(Split(-)(issue_date)_2)_0", "ExtractNumber(:(?:\\d*[.,]\\d+)|(?:\\d+[.,]?))(?:[Ee][+-)(Split(-)(listing_date)_2)_0", "ExtractNumber(:(?:\\d*[.,]\\d+)|(?:\\d+[.,]?))(?:[Ee][+-)(Split(:)(listing_date)_1)_0", "ExtractNumber(:(?:\\d*[.,]\\d+)|(?:\\d+[.,]?))(?:[Ee][+-)(Split( )(listing_date)_1)_0", "OneHot()(Split(-)(issue_date)_1)_01", "OneHot()(Split(-)(issue_date)_1)_02", "OneHot()(Split(-)(issue_date)_1)_03", "OneHot()(Split(-)(issue_date)_1)_04", "OneHot()(Split(-)(issue_date)_1)_05", "OneHot()(Split(-)(issue_date)_1)_06", "OneHot()(Split(-)(issue_date)_1)_07", "OneHot()(Split(-)(issue_date)_1)_08", "OneHot()(Split(-)(issue_date)_1)_09", "OneHot()(Split(-)(issue_date)_1)_10", "OneHot()(Split(-)(issue_date)_1)_11", "OneHot()(Split(-)(issue_date)_1)_12", "OneHot()(Split(-)(listing_date)_0)_2016", "OneHot()(Split(-)(listing_date)_0)_2017", "OneHot()(Split(-)(listing_date)_0)_2018", "OneHot()(Split(-)(listing_date)_0)_2019", "OneHot()(Split(-)(listing_date)_1)_01", "OneHot()(Split(-)(listing_date)_1)_02", "OneHot()(Split(-)(listing_date)_1)_03", "OneHot()(Split(-)(listing_date)_1)_04", "OneHot()(Split(-)(listing_date)_1)_05", "OneHot()(Split(-)(listing_date)_1)_06", "OneHot()(Split(-)(listing_date)_1)_07", "OneHot()(Split(-)(listing_date)_1)_08", "OneHot()(Split(-)(listing_date)_1)_09", "OneHot()(Split(-)(listing_date)_1)_10", "OneHot()(Split(-)(listing_date)_1)_11", "OneHot()(Split(-)(listing_date)_1)_12"]}, {"scores": [0.1259890924761398, 0.0008158767989100566, 0.23197250014171364, 0.01049164042994071, 0.005069140682866242, 0.15868415413892015, 0.026923152908452264, 0.0, 0.02820913857045795, 0.011567922293968825, 0.0016713878570548497, 0.004358913612083721, 0.004674275502038915, 0.014788043862140004, 0.005535709424657512, 0.016238839999981988, 0.010118971617502826, 0.13310662753627975, 0.000849720022471551, 0.03932169499795156, 0.011429942160629073, 0.004813978850086572, 0.005217415820061502, 0.0, 0.004982991812615677, 0.030024551547308348, 0.0430953213663419, 0.013434966672403383, 0.007669680552112695, 0.005843671594877398, 0.0039017468845740596, 0.0014683454388298577, 0.005888491850879562, 0.008145593582598799, 0.0038927192563984092, 0.00038475306317903025, 0.0008007739099951835, 0.002357276463767738, 2.974234714082588e-05, 0.0, 0.0008744855961913206, 0.0030471708695400507, 0.00011903125887009508, 0.0004033950048639145, 6.161198994496944e-05, 0.002573553667212384, 8.076285097585907e-05, 0.0013636786696584744, 3.171317614006805e-05, 0.0, 0.0024792385240661827, 0.0002172957852458328, 0.00011180791525505955, 0.0002540194570752447, 0.00023574018786470225, 7.408005203408639e-05, 9.072714861571706e-05, 0.00024255580882244843, 0.00020716827198812493, 0.00040411054546487857, 0.002815600596277721, 0.00033162430686485024, 0.00021186226969561892],