{"SamplingSelector(iterations=400, evaluator=FeatureEvaluator(folds=4, max_depth=2, sample=1000))": [{"scores": [0.23977643842520321, 0.0064469533637244725, 0.32782749803464234, 0.023576303494547833, 0.03684247904359341, 0.26482291449577916, 0.10070741314250968, 0.0], "columns": ["issue_date", "condition", "color_type", "length(m)", "height(cm)", "X1", "X2", "pet_category"]}, {"scores": [0.16976203107933044, 0.0, 0.1669871301001558, 0.0, 0.0013656007997461198, 0.2192675970001395, 0.0030406275194901646, 0.0, 0.010194053546712345, 0.020543354226687138, 0.0, 0.0, 0.0, 0.004675596740350502, 0.0003327277394246235, 0.0023023914151693386, 0.0028218738827737433, 0.15786353563945493, 0.0008276701477917404, 0.01330239120074769, 0.016536977969333285, 0.0, 0.0, 0.0, 0.0, 0.005689615338011181, 0.2042522279155427, 0.00023459773913938814], "columns": ["issue_date", "condition", "color_type", "length(m)", "height(cm)", "X1", "X2", "pet_category", "Split(-)(issue_date)_0", "Split(-)(issue_date)_1", "Split(-)(issue_date)_2", "Split(-)(listing_date)_0", "Split(-)(listing_date)_1", "Split(:)(listing_date)_0", "Split(:)(listing_date)_1", "Split( )(listing_date)_0", "Split( )(listing_date)_1", "Split( )(color_type)_0", "ExtractNumber(:(?:\\d*[.,]\\d+)|(?:\\d+[.,]?))(?:[Ee][+-)(pet_id)_0", "ExtractNumber(:(?:\\d*[.,]\\d+)|(?:\\d+[.,]?))(?:[Ee][+-)(issue_date)_0", "ExtractNumber((\\d{2}))(issue_date)_0", "ExtractNumber(:(?:\\d*[.,]\\d+)|(?:\\d+[.,]?))(?:[Ee][+-)(listing_date)_0", "ExtractNumber((\\d{2}))(listing_date)_0", "OneHot()(X2)_0", "OneHot()(X2)_1", "OneHot()(X2)_4", "OneHot()(X2)_7", "OneHot()(X2)_9"]}, {"scores": [0.17414787218441768, 0.0, 0.18573263904126747, 0.0, 0.001205844285423414, 0.21789772165237972, 0.000853632516612166, 0.0, 0.013457287803270448, 0.02308150158630651, 0.0, 0.0012465161694948214, 0.0, 0.0018079990727062093, 0.0, 0.001703601164959866, 0.00185034800641703, 0.11401173503128086, 0.0005354744860901443, 0.008661494284145812, 0.02204994858147677, 0.0006104235267501805, 0.0, 0.0, 0.0, 0.006751019476647823, 0.2158745865084042, 0.0, 0.0003000851701984269, 0.00039332086960805197, 0.0027501694373161054, 0.0, 0.0003424218151746555, 0.0, 0.0018754127278388282, 0.0, 0.0, 0.0005618235043482434, 0.0, 0.0, 0.0, 0.0022971210974646215, 0.0, 0.0, 0.0, 0.0, 0.0, 0.0, 0.0, 0.0, 0.0, 0.0, 0.0, 0.0, 0.0, 0.0, 0.0, 0.0, 0.0, 0.0, 0.0, 0.0, 0.0], "columns": ["issue_date", "condition", "color_type", "length(m)", "height(cm)", "X1", "X2", "pet_category", "Split(-)(issue_date)_0", "Split(-)(issue_date)_1", "Split(-)(issue_date)_2", "Split(-)(listing_date)_0", "Split(-)(listing_date)_1", "Split(:)(listing_date)_0", "Split(:)(listing_date)_1", "Split( )(listing_date)_0", "Split( )(listing_date)_1", "Split( )(color_type)_0", "ExtractNumber(:(?:\\d*[.,]\\d+)|(?:\\d+[.,]?))(?:[Ee][+-)(pet_id)_0", "ExtractNumber(:(?:\\d*[.,]\\d+)|(?:\\d+[.,]?))(?:[Ee][+-)(issue_date)_0", "ExtractNumber((\\d{2}))(issue_date)_0", "ExtractNumber(:(?:\\d*[.,]\\d+)|(?:\\d+[.,]?))(?:[Ee][+-)(listing_date)_0", "ExtractNumber((\\d{2}))(listing_date)_0", "OneHot()(X2)_0", "OneHot()(X2)_1", "OneHot()(X2)_4", "OneHot()(X2)_7", "OneHot()(X2)_9", "Split(:)(Split(-)(listing_date)_2)_0", "Split( )(Split(-)(listing_date)_2)_0", "Split( )(Split(:)(listing_date)_0)_1", "ExtractNumber(:(?:\\d*[.,]\\d+)|(?:\\d+[.,]?))(?:[Ee][+-)(Split(-)(issue_date)_2)_0", "ExtractNumber(:(?:\\d*[.,]\\d+)|(?:\\d+[.,]?))(?:[Ee][+-)(Split(-)(listing_date)_2)_0", "ExtractNumber(:(?:\\d*[.,]\\d+)|(?:\\d+[.,]?))(?:[Ee][+-)(Split(:)(listing_date)_1)_0", "ExtractNumber(:(?:\\d*[.,]\\d+)|(?:\\d+[.,]?))(?:[Ee][+-)(Split( )(listing_date)_1)_0", "OneHot()(Split(-)(issue_date)_1)_01", "OneHot()(Split(-)(issue_date)_1)_02", "OneHot()(Split(-)(issue_date)_1)_03", "OneHot()(Split(-)(issue_date)_1)_04", "OneHot()(Split(-)(issue_date)_1)_05", "OneHot()(Split(-)(issue_date)_1)_06", "OneHot()(Split(-)(issue_date)_1)_07", "OneHot()(Split(-)(issue_date)_1)_08", "OneHot()(Split(-)(issue_date)_1)_09", "OneHot()(Split(-)(issue_date)_1)_10", "OneHot()(Split(-)(issue_date)_1)_11", "OneHot()(Split(-)(issue_date)_1)_12", "OneHot()(Split(-)(listing_date)_0)_2016", "OneHot()(Split(-)(listing_date)_0)_2017", "OneHot()(Split(-)(listing_date)_0)_2018", "OneHot()(Split(-)(listing_date)_0)_2019", "OneHot()(Split(-)(listing_date)_1)_01", "OneHot()(Split(-)(listing_date)_1)_02", "OneHot()(Split(-)(listing_date)_1)_03", "OneHot()(Split(-)(listing_date)_1)_04", "OneHot()(Split(-)(listing_date)_1)_05", "OneHot()(Split(-)(listing_date)_1)_06", "OneHot()(Split(-)(listing_date)_1)_07", "OneHot()(Split(-)(listing_date)_1)_08", "OneHot()(Split(-)(listing_date)_1)_09", "OneHot()(Split(-)(listing_date)_1)_10", "OneHot()(Split(-)(listing_date)_1)_11", "OneHot()(Split(-)(listing_date)_1)_12"]}, {"scores": [0.16887584211223816, 0.0, 0.18067811206499995, 0.0, 0.0016520664849332093, 0.21191487150104427, 0.0, 0.0, 0.01043168755862314, 0.022663407407600398, 0.0, 0.0, 0.0, 0.004835362523389182, 0.0, 0.0029025022307074435, 0.0028414200344897395, 0.1373498299153483, 0.0006552868434228302, 0.007904868967756815, 0.027825650327174708, 0.0, 0.0, 0.0, 0.0006644091347911041, 0.0049254703910484405, 0.208352540028038, 0.0001497712015374263, 0.00019102000997204977, 0.0005716779699034581, 0.002483957596457084, 0.0, 0.00013959275273277004, 0.00028874907898910414, 0.0009424144068527993, 0.0, 0.0, 0.0, 0.0, 0.0, 0.0, 0.000759489457950121, 0.0, 0.0, 0.0, 0.0, 0.0, 0.0, 0.0, 0.0, 0.0, 0.0, 0.0, 0.0, 0.0, 0.0, 0.0, 0.0, 0.0, 0.0, 0.0, 0.0, 0.0],