{"SamplingSelector(iterations=100, evaluator=FeatureEvaluator(folds=8, max_depth=2, sample=1000))": [{"scores": [0.25124446433830383, 0.015243075946489935, 0.33826198563268745, 0.023815319277596482, 0.0252976218643104, 0.25696076370809967, 0.08917676923251253, 0.0], "columns": ["issue_date", "condition", "color_type", "length(m)", "height(cm)", "X1", "X2", "pet_category"]}, {"scores": [0.15684532972252868, 0.0, 0.1838305739923557, 0.0, 0.001770265712525781, 0.2100020724356386, 0.005394959599929202, 0.0, 0.0, 0.03405978871080229, 0.0, 0.002522268920466897, 0.0, 0.0035733244269625587, 0.0028402174283108142, 0.0034600257200886548, 0.008533629207517952, 0.11697333534309615, 0.00042416850284903145, 0.0, 0.04737805741057035, 0.0, 0.004462939925342161, 0.0, 0.0, 0.006615718608506027, 0.21098797615209774, 0.0003253481804113471], "columns": ["issue_date", "condition", "color_type", "length(m)", "height(cm)", "X1", "X2", "pet_category", "Split(-)(issue_date)_0", "Split(-)(issue_date)_1", "Split(-)(issue_date)_2", "Split(-)(listing_date)_0", "Split(-)(listing_date)_1", "Split(:)(listing_date)_0", "Split(:)(listing_date)_1", "Split( )(listing_date)_0", "Split( )(listing_date)_1", "Split( )(color_type)_0", "ExtractNumber(:(?:\\d*[.,]\\d+)|(?:\\d+[.,]?))(?:[Ee][+-)(pet_id)_0", "ExtractNumber(:(?:\\d*[.,]\\d+)|(?:\\d+[.,]?))(?:[Ee][+-)(issue_date)_0", "ExtractNumber((\\d{2}))(issue_date)_0", "ExtractNumber(:(?:\\d*[.,]\\d+)|(?:\\d+[.,]?))(?:[Ee][+-)(listing_date)_0", "ExtractNumber((\\d{2}))(listing_date)_0", "OneHot()(X2)_0", "OneHot()(X2)_1", "OneHot()(X2)_4", "OneHot()(X2)_7", "OneHot()(X2)_9"]}, {"scores": [0.16657599101313994, 0.0, 0.1476843583163351, 0.0, 0.0018797496196246175, 0.2228336687438414, 0.0, 0.0, 0.008592964095196848, 0.023522740846616208, 0.0, 0.0, 0.0, 0.006942109396907381, 0.0, 0.001232242636394708, 0.0017280062132423767, 0.14824301377997726, 0.0012593649042592146, 0.004885085575723482, 0.03689075813987146, 0.0, 0.0, 0.0, 0.0, 0.0038871066446727193, 0.21004683146790104, 0.0, 0.0004559950847834022, 0.00039568816009676895, 0.002514587660393158, 0.0, 0.0004138186957790817, 0.00026192562418031397, 0.0038744888411008757, 0.0, 0.0, 0.001616789346831827, 0.0, 0.0, 0.0, 0.004262715193130824, 0.0, 0.0, 0.0, 0.0, 0.0, 0.0, 0.0, 0.0, 0.0, 0.0, 0.0, 0.0, 0.0, 0.0, 0.0, 0.0, 0.0, 0.0, 0.0, 0.0, 0.0], "columns": ["issue_date", "condition", "color_type", "length(m)", "height(cm)", "X1", "X2", "pet_category", "Split(-)(issue_date)_0", "Split(-)(issue_date)_1", "Split(-)(issue_date)_2", "Split(-)(listing_date)_0", "Split(-)(listing_date)_1", "Split(:)(listing_date)_0", "Split(:)(listing_date)_1", "Split( )(listing_date)_0", "Split( )(listing_date)_1", "Split( )(color_type)_0", "ExtractNumber(:(?:\\d*[.,]\\d+)|(?:\\d+[.,]?))(?:[Ee][+-)(pet_id)_0", "ExtractNumber(:(?:\\d*[.,]\\d+)|(?:\\d+[.,]?))(?:[Ee][+-)(issue_date)_0", "ExtractNumber((\\d{2}))(issue_date)_0", "ExtractNumber(:(?:\\d*[.,]\\d+)|(?:\\d+[.,]?))(?:[Ee][+-)(listing_date)_0", "ExtractNumber((\\d{2}))(listing_date)_0", "OneHot()(X2)_0", "OneHot()(X2)_1", "OneHot()(X2)_4", "OneHot()(X2)_7", "OneHot()(X2)_9", "Split(:)(Split(-)(listing_date)_2)_0", "Split( )(Split(-)(listing_date)_2)_0", "Split( )(Split(:)(listing_date)_0)_1", "ExtractNumber(:(?:\\d*[.,]\\d+)|(?:\\d+[.,]?))(?:[Ee][+-)(Split(-)(issue_date)_2)_0", "ExtractNumber(:(?:\\d*[.,]\\d+)|(?:\\d+[.,]?))(?:[Ee][+-)(Split(-)(listing_date)_2)_0", "ExtractNumber(:(?:\\d*[.,]\\d+)|(?:\\d+[.,]?))(?:[Ee][+-)(Split(:)(listing_date)_1)_0", "ExtractNumber(:(?:\\d*[.,]\\d+)|(?:\\d+[.,]?))(?:[Ee][+-)(Split( )(listing_date)_1)_0", "OneHot()(Split(-)(issue_date)_1)_01", "OneHot()(Split(-)(issue_date)_1)_02", "OneHot()(Split(-)(issue_date)_1)_03", "OneHot()(Split(-)(issue_date)_1)_04", "OneHot()(Split(-)(issue_date)_1)_05", "OneHot()(Split(-)(issue_date)_1)_06", "OneHot()(Split(-)(issue_date)_1)_07", "OneHot()(Split(-)(issue_date)_1)_08", "OneHot()(Split(-)(issue_date)_1)_09", "OneHot()(Split(-)(issue_date)_1)_10", "OneHot()(Split(-)(issue_date)_1)_11", "OneHot()(Split(-)(issue_date)_1)_12", "OneHot()(Split(-)(listing_date)_0)_2016", "OneHot()(Split(-)(listing_date)_0)_2017", "OneHot()(Split(-)(listing_date)_0)_2018", "OneHot()(Split(-)(listing_date)_0)_2019", "OneHot()(Split(-)(listing_date)_1)_01", "OneHot()(Split(-)(listing_date)_1)_02", "OneHot()(Split(-)(listing_date)_1)_03", "OneHot()(Split(-)(listing_date)_1)_04", "OneHot()(Split(-)(listing_date)_1)_05", "OneHot()(Split(-)(listing_date)_1)_06", "OneHot()(Split(-)(listing_date)_1)_07", "OneHot()(Split(-)(listing_date)_1)_08", "OneHot()(Split(-)(listing_date)_1)_09", "OneHot()(Split(-)(listing_date)_1)_10", "OneHot()(Split(-)(listing_date)_1)_11", "OneHot()(Split(-)(listing_date)_1)_12"]}, {"scores": [0.1963172983033859, 0.0, 0.15089416754851973, 0.0, 0.002343074663248299, 0.20692613307958133, 0.0, 0.0, 0.005835000060647752, 0.03546390529454263, 0.0, 0.0, 0.0, 0.011427313218152158, 0.0009460424649088405, 0.000260753442813536, 0.0012843007748408097, 0.12834663228488594, 0.00034740802813963077, 0.012660725854488639, 0.015705650056241166, 0.0, 0.0, 0.0, 0.0, 0.005918717296390734, 0.21049629409510281, 0.0, 0.0003594217535518462, 0.0008085661439592428, 0.004821571958487117, 0.0, 0.0007067726369870147, 0.0, 0.003389090776825877, 0.0, 0.0, 0.0, 0.0, 0.0, 0.0, 0.004741160264299003, 0.0, 0.0, 0.0, 0.0, 0.0, 0.0, 0.0, 0.0, 0.0, 0.0, 0.0, 0.0, 0.0, 0.0, 0.0, 0.0, 0.0, 0.0, 0.0, 0.0, 0.0],