{"SamplingSelector(iterations=200, evaluator=FeatureEvaluator(folds=4, max_depth=8, sample=1000))": [{"scores": [0.16142943811818558, 0.03423930664267011, 0.38687794049146673, 0.07174144802862803, 0.08061594031789525, 0.16002854531200172, 0.10506738108915287, 0.0], "columns": ["issue_date", "condition", "color_type", "length(m)", "height(cm)", "X1", "X2", "pet_category"]}, {"scores": [0.10286988891514545, 0.0075795960151930335, 0.18655885406266087, 0.023494364815828003, 0.02966857258219478, 0.08065598493646339, 0.01057208856072482, 0.0, 0.025179623685567334, 0.041175135577282335, 0.015095095823948355, 0.006243402281382129, 0.016880291102016914, 0.05329386106849743, 0.016712456187574987, 0.04337240378302741, 0.03936981746983468, 0.09429380861430398, 0.02156020215807173, 0.021345329077540675, 0.039833693066968004, 0.006910866535064842, 0.016355846964178137, 0.0, 0.005411245163755717, 0.01647813295608598, 0.07437467212859428, 0.00471476646809488], "columns": ["issue_date", "condition", "color_type", "length(m)", "height(cm)", "X1", "X2", "pet_category", "Split(-)(issue_date)_0", "Split(-)(issue_date)_1", "Split(-)(issue_date)_2", "Split(-)(listing_date)_0", "Split(-)(listing_date)_1", "Split(:)(listing_date)_0", "Split(:)(listing_date)_1", "Split( )(listing_date)_0", "Split( )(listing_date)_1", "Split( )(color_type)_0", "ExtractNumber(:(?:\\d*[.,]\\d+)|(?:\\d+[.,]?))(?:[Ee][+-)(pet_id)_0", "ExtractNumber(:(?:\\d*[.,]\\d+)|(?:\\d+[.,]?))(?:[Ee][+-)(issue_date)_0", "ExtractNumber((\\d{2}))(issue_date)_0", "ExtractNumber(:(?:\\d*[.,]\\d+)|(?:\\d+[.,]?))(?:[Ee][+-)(listing_date)_0", "ExtractNumber((\\d{2}))(listing_date)_0", "OneHot()(X2)_0", "OneHot()(X2)_1", "OneHot()(X2)_4", "OneHot()(X2)_7", "OneHot()(X2)_9"]}, {"scores": [0.0983659781584986, 0.0057894734320199925, 0.1751342539761643, 0.018099247701773197, 0.024083961218593363, 0.08518614001287762, 0.010670973165086537, 0.0, 0.016340254991558265, 0.03455357674915239, 0.00913585539604832, 0.002737356889350662, 0.011931629710014574, 0.04002485031051909, 0.011586479541685265, 0.03265406061736039, 0.032903565653579846, 0.08378071772103501, 0.018724090036880914, 0.017867804217526404, 0.0343274505857134, 0.0020171611500435626, 0.012001510126099464, 0.0, 0.0047009548157001405, 0.014092121706116293, 0.07101852952936387, 0.0023187761145576536, 0.015422421232424023, 0.007000584619268326, 0.013872070874335342, 0.009450560918766948, 0.00784118283450565, 0.011470083651687828, 0.010694094076248647, 0.0007100756707604461, 0.0005219239836756362, 0.00358571160886467, 0.0006973157951689733, 0.0007291256337381705, 0.0008581862731933676, 0.014478508921642817, 0.0009767194131250372, 0.0010942097533908157, 0.0008145574918210454, 0.0028294505961158293, 0.0011586163550894792, 0.0008242049458956308, 0.0014981371536973772, 0.001211073915965252, 0.0013142319485062084, 0.0022336516625887774, 0.00045453280071409464, 0.0004095239844332061, 0.000990552478514755, 0.0015841787880319556, 0.0013770349387393851, 0.0008163534621740146, 0.001427781704479539, 0.0023673975833334695, 0.006659860610238072, 0.0021626132039340375, 0.00041669758761195394], "columns": ["issue_date", "condition", "color_type", "length(m)", "height(cm)", "X1", "X2", "pet_category", "Split(-)(issue_date)_0", "Split(-)(issue_date)_1", "Split(-)(issue_date)_2", "Split(-)(listing_date)_0", "Split(-)(listing_date)_1", "Split(:)(listing_date)_0", "Split(:)(listing_date)_1", "Split( )(listing_date)_0", "Split( )(listing_date)_1", "Split( )(color_type)_0", "ExtractNumber(:(?:\\d*[.,]\\d+)|(?:\\d+[.,]?))(?:[Ee][+-)(pet_id)_0", "ExtractNumber(:(?:\\d*[.,]\\d+)|(?:\\d+[.,]?))(?:[Ee][+-)(issue_date)_0", "ExtractNumber((\\d{2}))(issue_date)_0", "ExtractNumber(:(?:\\d*[.,]\\d+)|(?:\\d+[.,]?))(?:[Ee][+-)(listing_date)_0", "ExtractNumber((\\d{2}))(listing_date)_0", "OneHot()(X2)_0", "OneHot()(X2)_1", "OneHot()(X2)_4", "OneHot()(X2)_7", "OneHot()(X2)_9", "Split(:)(Split(-)(listing_date)_2)_0", "Split( )(Split(-)(listing_date)_2)_0", "Split( )(Split(:)(listing_date)_0)_1", "ExtractNumber(:(?:\\d*[.,]\\d+)|(?:\\d+[.,]?))(?:[Ee][+-)(Split(-)(issue_date)_2)_0", "ExtractNumber(:(?:\\d*[.,]\\d+)|(?:\\d+[.,]?))(?:[Ee][+-)(Split(-)(listing_date)_2)_0", "ExtractNumber(:(?:\\d*[.,]\\d+)|(?:\\d+[.,]?))(?:[Ee][+-)(Split(:)(listing_date)_1)_0", "ExtractNumber(:(?:\\d*[.,]\\d+)|(?:\\d+[.,]?))(?:[Ee][+-)(Split( )(listing_date)_1)_0", "OneHot()(Split(-)(issue_date)_1)_01", "OneHot()(Split(-)(issue_date)_1)_02", "OneHot()(Split(-)(issue_date)_1)_03", "OneHot()(Split(-)(issue_date)_1)_04", "OneHot()(Split(-)(issue_date)_1)_05", "OneHot()(Split(-)(issue_date)_1)_06", "OneHot()(Split(-)(issue_date)_1)_07", "OneHot()(Split(-)(issue_date)_1)_08", "OneHot()(Split(-)(issue_date)_1)_09", "OneHot()(Split(-)(issue_date)_1)_10", "OneHot()(Split(-)(issue_date)_1)_11", "OneHot()(Split(-)(issue_date)_1)_12", "OneHot()(Split(-)(listing_date)_0)_2016", "OneHot()(Split(-)(listing_date)_0)_2017", "OneHot()(Split(-)(listing_date)_0)_2018", "OneHot()(Split(-)(listing_date)_0)_2019", "OneHot()(Split(-)(listing_date)_1)_01", "OneHot()(Split(-)(listing_date)_1)_02", "OneHot()(Split(-)(listing_date)_1)_03", "OneHot()(Split(-)(listing_date)_1)_04", "OneHot()(Split(-)(listing_date)_1)_05", "OneHot()(Split(-)(listing_date)_1)_06", "OneHot()(Split(-)(listing_date)_1)_07", "OneHot()(Split(-)(listing_date)_1)_08", "OneHot()(Split(-)(listing_date)_1)_09", "OneHot()(Split(-)(listing_date)_1)_10", "OneHot()(Split(-)(listing_date)_1)_11", "OneHot()(Split(-)(listing_date)_1)_12"]}, {"scores": [0.09137087674100047, 0.006579599455296293, 0.17795043314992273, 0.01868929565917503, 0.020930374452651883, 0.0824266642113814, 0.012546382080867061, 0.0, 0.021107283701502923, 0.0412831324939163, 0.008732906214230805, 0.0021995498416438235, 0.012368102481950714, 0.03791908513584608, 0.01168342874740539, 0.03771174554368333, 0.03205763314627447, 0.08150052149383608, 0.017498141689205157, 0.019614720413599337, 0.032955943502556304, 0.003226539644624222, 0.011238244316896843, 0.0, 0.00428447303326221, 0.015415526613995475, 0.06973664276310283, 0.0030422311561199393, 0.013707197966754365, 0.007715904929979831, 0.011719877357675743, 0.009772702546099379, 0.007336722013948218, 0.010718759620591534, 0.014088555037834176, 0.0007494375822464292, 0.0005482813019322385, 0.0016562246971981874, 0.0010001914781627343, 0.0004709611365198135, 0.0006982041084342916, 0.01229457213190867, 0.0011162413630702091, 0.0015011018246887965, 0.0014251216816518245, 0.002814817373601671, 0.0010954602348442562, 0.0010680911858841852, 0.0009473848869842688, 0.0017591746453234339, 0.001469873881709857, 0.0023630902350300666, 0.000563441940716585, 0.00040130507090565745, 0.0008744460077682041, 0.00183367629901667, 0.0015885828298683314, 0.0004448859637553112, 0.0016233053332384334, 0.0025382318313924433, 0.005337498184970812, 0.002112694667005494, 0.0005745049653407459],