{"SamplingSelector(iterations=400, evaluator=FeatureEvaluator(folds=4, max_depth=8, sample=1000))": [{"scores": [0.16113837646793788, 0.03158076252636569, 0.37196203792901733, 0.07357292227967048, 0.0875844459165219, 0.1632774405668826, 0.11088401431360426, 0.0], "columns": ["issue_date", "condition", "color_type", "length(m)", "height(cm)", "X1", "X2", "pet_category"]}, {"scores": [0.1040314944666675, 0.006622852035666751, 0.18373750553751939, 0.024090466625600746, 0.029496928373250336, 0.08862697405326252, 0.013094598994363216, 0.0, 0.02194546830135003, 0.044820968745030304, 0.01329381346219851, 0.005071535919799015, 0.015301396845869569, 0.05020786540250143, 0.01773475521736905, 0.03939976318347717, 0.03836824167441895, 0.09691855070019506, 0.021300465451435126, 0.02280762727334136, 0.04458566898818919, 0.004740986471316084, 0.01586193283817835, 1.316941350426926e-05, 0.0075707369297400755, 0.015064604511970352, 0.0716347411431836, 0.003656887440601916], "columns": ["issue_date", "condition", "color_type", "length(m)", "height(cm)", "X1", "X2", "pet_category", "Split(-)(issue_date)_0", "Split(-)(issue_date)_1", "Split(-)(issue_date)_2", "Split(-)(listing_date)_0", "Split(-)(listing_date)_1", "Split(:)(listing_date)_0", "Split(:)(listing_date)_1", "Split( )(listing_date)_0", "Split( )(listing_date)_1", "Split( )(color_type)_0", "ExtractNumber(:(?:\\d*[.,]\\d+)|(?:\\d+[.,]?))(?:[Ee][+-)(pet_id)_0", "ExtractNumber(:(?:\\d*[.,]\\d+)|(?:\\d+[.,]?))(?:[Ee][+-)(issue_date)_0", "ExtractNumber((\\d{2}))(issue_date)_0", "ExtractNumber(:(?:\\d*[.,]\\d+)|(?:\\d+[.,]?))(?:[Ee][+-)(listing_date)_0", "ExtractNumber((\\d{2}))(listing_date)_0", "OneHot()(X2)_0", "OneHot()(X2)_1", "OneHot()(X2)_4", "OneHot()(X2)_7", "OneHot()(X2)_9"]}, {"scores": [0.09881638024551265, 0.0057961211594075215, 0.1751821167545243, 0.01643760688813161, 0.023465157547879183, 0.08397857720908386, 0.009496426893644983, 0.0, 0.017386660516886133, 0.0389246079132147, 0.008497599637240534, 0.0034399127904259723, 0.011291956071940109, 0.043914318518191976, 0.011567953677693133, 0.03434556004395138, 0.03164451002522449, 0.08082074491623827, 0.016820631281185282, 0.020268322469010124, 0.0345439797390009, 0.0034597029246348047, 0.011356127556608637, 6.108352937014716e-06, 0.004360730993577493, 0.013589228483480853, 0.07109409044020985, 0.0015583625502229694, 0.014191142257027676, 0.007909406849107169, 0.013709102137840828, 0.008812234905339425, 0.007347569253638789, 0.010087620175196953, 0.012815440253025277, 0.00035133141379426586, 0.0005185791880968829, 0.002896063219293873, 0.000784560230556514, 0.0005838666740689512, 0.0007648913013803514, 0.012727710175476052, 0.0008643036922829417, 0.0011983385907891346, 0.001093466260499992, 0.002606025065286716, 0.0009512954050443056, 0.0009439318404157975, 0.0014124774283744484, 0.0015146701907247785, 0.002072815478405668, 0.0019372271105045722, 0.0006783290702888818, 0.00045888545063429986, 0.0011593278727164286, 0.0015104769179947746, 0.0014398524812696029, 0.0008052937034668991, 0.001575344870447489, 0.003004863279560809, 0.0057567981191335585, 0.0027429582017741414, 0.0007103053364833025], "columns": ["issue_date", "condition", "color_type", "length(m)", "height(cm)", "X1", "X2", "pet_category", "Split(-)(issue_date)_0", "Split(-)(issue_date)_1", "Split(-)(issue_date)_2", "Split(-)(listing_date)_0", "Split(-)(listing_date)_1", "Split(:)(listing_date)_0", "Split(:)(listing_date)_1", "Split( )(listing_date)_0", "Split( )(listing_date)_1", "Split( )(color_type)_0", "ExtractNumber(:(?:\\d*[.,]\\d+)|(?:\\d+[.,]?))(?:[Ee][+-)(pet_id)_0", "ExtractNumber(:(?:\\d*[.,]\\d+)|(?:\\d+[.,]?))(?:[Ee][+-)(issue_date)_0", "ExtractNumber((\\d{2}))(issue_date)_0", "ExtractNumber(:(?:\\d*[.,]\\d+)|(?:\\d+[.,]?))(?:[Ee][+-)(listing_date)_0", "ExtractNumber((\\d{2}))(listing_date)_0", "OneHot()(X2)_0", "OneHot()(X2)_1", "OneHot()(X2)_4", "OneHot()(X2)_7", "OneHot()(X2)_9", "Split(:)(Split(-)(listing_date)_2)_0", "Split( )(Split(-)(listing_date)_2)_0", "Split( )(Split(:)(listing_date)_0)_1", "ExtractNumber(:(?:\\d*[.,]\\d+)|(?:\\d+[.,]?))(?:[Ee][+-)(Split(-)(issue_date)_2)_0", "ExtractNumber(:(?:\\d*[.,]\\d+)|(?:\\d+[.,]?))(?:[Ee][+-)(Split(-)(listing_date)_2)_0", "ExtractNumber(:(?:\\d*[.,]\\d+)|(?:\\d+[.,]?))(?:[Ee][+-)(Split(:)(listing_date)_1)_0", "ExtractNumber(:(?:\\d*[.,]\\d+)|(?:\\d+[.,]?))(?:[Ee][+-)(Split( )(listing_date)_1)_0", "OneHot()(Split(-)(issue_date)_1)_01", "OneHot()(Split(-)(issue_date)_1)_02", "OneHot()(Split(-)(issue_date)_1)_03", "OneHot()(Split(-)(issue_date)_1)_04", "OneHot()(Split(-)(issue_date)_1)_05", "OneHot()(Split(-)(issue_date)_1)_06", "OneHot()(Split(-)(issue_date)_1)_07", "OneHot()(Split(-)(issue_date)_1)_08", "OneHot()(Split(-)(issue_date)_1)_09", "OneHot()(Split(-)(issue_date)_1)_10", "OneHot()(Split(-)(issue_date)_1)_11", "OneHot()(Split(-)(issue_date)_1)_12", "OneHot()(Split(-)(listing_date)_0)_2016", "OneHot()(Split(-)(listing_date)_0)_2017", "OneHot()(Split(-)(listing_date)_0)_2018", "OneHot()(Split(-)(listing_date)_0)_2019", "OneHot()(Split(-)(listing_date)_1)_01", "OneHot()(Split(-)(listing_date)_1)_02", "OneHot()(Split(-)(listing_date)_1)_03", "OneHot()(Split(-)(listing_date)_1)_04", "OneHot()(Split(-)(listing_date)_1)_05", "OneHot()(Split(-)(listing_date)_1)_06", "OneHot()(Split(-)(listing_date)_1)_07", "OneHot()(Split(-)(listing_date)_1)_08", "OneHot()(Split(-)(listing_date)_1)_09", "OneHot()(Split(-)(listing_date)_1)_10", "OneHot()(Split(-)(listing_date)_1)_11", "OneHot()(Split(-)(listing_date)_1)_12"]}, {"scores": [0.09505079147154713, 0.006743632661739785, 0.17556735690764674, 0.01747807207941855, 0.022578918330531748, 0.0819461965758894, 0.01122420880856431, 0.0, 0.01550666806748713, 0.03833551731236778, 0.009001917127263368, 0.0038667412356725335, 0.011936255236133182, 0.03667638217886011, 0.010868354058549606, 0.03420077179942665, 0.030682408214191385, 0.08437376500490454, 0.01708317534440914, 0.019870441455728683, 0.03945752744080362, 0.002990698692149184, 0.010875914653953512, 1.2600597865252439e-05, 0.005345925460921526, 0.014510258112908342, 0.06961022478466342, 0.002657220166372033, 0.013802546577727346, 0.008011836663492729, 0.013455769278647407, 0.009299466742009176, 0.008001567416767457, 0.011481154506794676, 0.01436864340165395, 0.00075188117334349, 0.0007451575863617303, 0.0022547656228032453, 0.0007411836741866157, 0.0004808006652928638, 0.0009831810744490971, 0.01228941343151333, 0.0009814848570568883, 0.0013400394543639316, 0.0012862246985251133, 0.0025583044342389434, 0.0010941297178153546, 0.0013602833681795835, 0.0014385456416133662, 0.0015220217961177264, 0.002453916125698164, 0.002150964212313573, 0.0006625516471516133, 0.0004002198811107671, 0.0009596786052465924, 0.0016462945200837187, 0.0013362019872432964, 0.0007635392422780802, 0.0016849894733260522, 0.0029112844288226164, 0.005081891164167628, 0.002754870908102225, 0.0004932522415329594],