{"SamplingSelector(iterations=400, evaluator=FeatureEvaluator(folds=4, max_depth=4, sample=1000))": [{"scores": [0.1747384670197763, 0.015494504471182249, 0.4036874172325948, 0.04746390698199202, 0.05231762163196789, 0.19775064518844812, 0.10854743747403887, 0.0], "columns": ["issue_date", "condition", "color_type", "length(m)", "height(cm)", "X1", "X2", "pet_category"]}, {"scores": [0.13292233234884437, 0.0017854559140447512, 0.21016269560739986, 0.008481628339815351, 0.007441586616842533, 0.13161624477407924, 0.007138242599965385, 0.0, 0.020207495850832518, 0.052556449119109575, 0.0011859005975914459, 0.001483865668651002, 0.0023265603709372354, 0.03945897377651611, 0.005608052799012531, 0.021732350731674035, 0.01621402242699461, 0.12496927340901587, 0.009483275157546224, 0.018382500535430446, 0.048634339994390145, 0.0014280939971746114, 0.0030909085098310483, 0.0, 0.0019632047933016727, 0.01696324056291772, 0.11217442736303204, 0.0025888781350497875], "columns": ["issue_date", "condition", "color_type", "length(m)", "height(cm)", "X1", "X2", "pet_category", "Split(-)(issue_date)_0", "Split(-)(issue_date)_1", "Split(-)(issue_date)_2", "Split(-)(listing_date)_0", "Split(-)(listing_date)_1", "Split(:)(listing_date)_0", "Split(:)(listing_date)_1", "Split( )(listing_date)_0", "Split( )(listing_date)_1", "Split( )(color_type)_0", "ExtractNumber(:(?:\\d*[.,]\\d+)|(?:\\d+[.,]?))(?:[Ee][+-)(pet_id)_0", "ExtractNumber(:(?:\\d*[.,]\\d+)|(?:\\d+[.,]?))(?:[Ee][+-)(issue_date)_0", "ExtractNumber((\\d{2}))(issue_date)_0", "ExtractNumber(:(?:\\d*[.,]\\d+)|(?:\\d+[.,]?))(?:[Ee][+-)(listing_date)_0", "ExtractNumber((\\d{2}))(listing_date)_0", "OneHot()(X2)_0", "OneHot()(X2)_1", "OneHot()(X2)_4", "OneHot()(X2)_7", "OneHot()(X2)_9"]}, {"scores": [0.13455337426083527, 0.0013024001741111905, 0.2185063457898909, 0.005734549817218439, 0.0071136713389003715, 0.12880059516933437, 0.0040855521079151075, 0.0, 0.015718461388458026, 0.05190101669749264, 0.0006478985500423228, 0.0013349670039894785, 0.0018586923201328522, 0.039058997274740055, 0.002853337140399895, 0.020930994424158897, 0.014282191165274028, 0.1080830199967774, 0.008184844611469285, 0.01692669163966377, 0.040893563486012356, 0.0011638693962159254, 0.0018118719616347116, 0.0, 0.0014374676358111975, 0.014802925456250164, 0.11892580804760527, 0.001351717875573783, 0.0032560938642223363, 0.001696309796812603, 0.007390918035100016, 0.0008516381529513168, 0.0017227456297577728, 0.0027016374001492534, 0.0062167204701629245, 0.0, 0.0, 0.0019223342277560804, 0.0, 7.167537802082203e-06, 6.994776090561387e-05, 0.008264460612878426, 0.0, 0.00012121608820096236, 0.0005065440323795143, 7.872308298466834e-05, 6.392800220083031e-05, 0.00036976352382478097, 3.7161105644519844e-05, 5.3848480649796883e-05, 0.0005779617242380349, 0.0006070221422019911, 2.22825033606412e-05, 0.0, 0.0, 0.0001729182682151636, 0.00023615775294319395, 0.0, 3.643197687190709e-05, 0.0, 0.00036953640909535856, 0.0003282037106149073, 5.350297816799439e-05], "columns": ["issue_date", "condition", "color_type", "length(m)", "height(cm)", "X1", "X2", "pet_category", "Split(-)(issue_date)_0", "Split(-)(issue_date)_1", "Split(-)(issue_date)_2", "Split(-)(listing_date)_0", "Split(-)(listing_date)_1", "Split(:)(listing_date)_0", "Split(:)(listing_date)_1", "Split( )(listing_date)_0", "Split( )(listing_date)_1", "Split( )(color_type)_0", "ExtractNumber(:(?:\\d*[.,]\\d+)|(?:\\d+[.,]?))(?:[Ee][+-)(pet_id)_0", "ExtractNumber(:(?:\\d*[.,]\\d+)|(?:\\d+[.,]?))(?:[Ee][+-)(issue_date)_0", "ExtractNumber((\\d{2}))(issue_date)_0", "ExtractNumber(:(?:\\d*[.,]\\d+)|(?:\\d+[.,]?))(?:[Ee][+-)(listing_date)_0", "ExtractNumber((\\d{2}))(listing_date)_0", "OneHot()(X2)_0", "OneHot()(X2)_1", "OneHot()(X2)_4", "OneHot()(X2)_7", "OneHot()(X2)_9", "Split(:)(Split(-)(listing_date)_2)_0", "Split( )(Split(-)(listing_date)_2)_0", "Split( )(Split(:)(listing_date)_0)_1", "ExtractNumber(:(?:\\d*[.,]\\d+)|(?:\\d+[.,]?))(?:[Ee][+-)(Split(-)(issue_date)_2)_0", "ExtractNumber(:(?:\\d*[.,]\\d+)|(?:\\d+[.,]?))(?:[Ee][+-)(Split(-)(listing_date)_2)_0", "ExtractNumber(:(?:\\d*[.,]\\d+)|(?:\\d+[.,]?))(?:[Ee][+-)(Split(:)(listing_date)_1)_0", "ExtractNumber(:(?:\\d*[.,]\\d+)|(?:\\d+[.,]?))(?:[Ee][+-)(Split( )(listing_date)_1)_0", "OneHot()(Split(-)(issue_date)_1)_01", "OneHot()(Split(-)(issue_date)_1)_02", "OneHot()(Split(-)(issue_date)_1)_03", "OneHot()(Split(-)(issue_date)_1)_04", "OneHot()(Split(-)(issue_date)_1)_05", "OneHot()(Split(-)(issue_date)_1)_06", "OneHot()(Split(-)(issue_date)_1)_07", "OneHot()(Split(-)(issue_date)_1)_08", "OneHot()(Split(-)(issue_date)_1)_09", "OneHot()(Split(-)(issue_date)_1)_10", "OneHot()(Split(-)(issue_date)_1)_11", "OneHot()(Split(-)(issue_date)_1)_12", "OneHot()(Split(-)(listing_date)_0)_2016", "OneHot()(Split(-)(listing_date)_0)_2017", "OneHot()(Split(-)(listing_date)_0)_2018", "OneHot()(Split(-)(listing_date)_0)_2019", "OneHot()(Split(-)(listing_date)_1)_01", "OneHot()(Split(-)(listing_date)_1)_02", "OneHot()(Split(-)(listing_date)_1)_03", "OneHot()(Split(-)(listing_date)_1)_04", "OneHot()(Split(-)(listing_date)_1)_05", "OneHot()(Split(-)(listing_date)_1)_06", "OneHot()(Split(-)(listing_date)_1)_07", "OneHot()(Split(-)(listing_date)_1)_08", "OneHot()(Split(-)(listing_date)_1)_09", "OneHot()(Split(-)(listing_date)_1)_10", "OneHot()(Split(-)(listing_date)_1)_11", "OneHot()(Split(-)(listing_date)_1)_12"]}, {"scores": [0.13029512785606892, 0.001484597520985483, 0.2125673338952402, 0.007369185726127069, 0.008060714163050852, 0.12705002140432636, 0.0047327688346543145, 0.0, 0.015550480536908183, 0.050891914175554255, 0.0008302573059769394, 0.0008818473645394014, 0.001455899791602057, 0.03236961231510121, 0.002497292244286695, 0.019195290079810627, 0.013834338352156583, 0.11447815667144394, 0.009247193710238558, 0.013861117753857202, 0.05402592066649248, 0.0005061524448728595, 0.002042311797736421, 0.0, 0.0019101906973676092, 0.016948827199343947, 0.11748409004531474, 0.0011758673844773132, 0.0032343325401033352, 0.0018143568214834913, 0.006823724635384554, 0.001033133078709241, 0.0013431053784265234, 0.0033043543989403662, 0.007151473882546806, 5.9817056998250703e-05, 3.996701899683864e-05, 0.0014879929926216806, 0.0, 0.0, 0.0, 0.009109899450013696, 0.0, 0.00017120497647644858, 0.0005223996232448886, 0.0003297229454278607, 2.6606360018559868e-05, 0.0007220341503208709, 0.0, 4.1584743496843885e-05, 0.0002895634313767075, 0.0006344306121652091, 2.9286197537568395e-05, 0.0, 7.472956964363677e-05, 0.0002222925218604004, 0.00013726224277223252, 0.0, 0.0, 0.00011261963193441217, 7.838956575695532e-05, 0.00042288325244442006, 3.632298376362781e-05],