{"SamplingSelector(iterations=100, evaluator=FeatureEvaluator(folds=4, max_depth=2, sample=1000))": [{"scores": [0.25124446433830383, 0.01524307594648993, 0.3382619856326874, 0.02381531927759648, 0.025297621864310386, 0.2569607637080996, 0.0891767692325125, 0.0], "columns": ["issue_date", "condition", "color_type", "length(m)", "height(cm)", "X1", "X2", "pet_category"]}, {"scores": [0.1568453297225287, 0.0, 0.1838305739923557, 0.0, 0.001770265712525781, 0.21000207243563856, 0.005394959599929203, 0.0, 0.0, 0.034059788710802286, 0.0, 0.0025222689204668965, 0.0, 0.0035733244269625587, 0.002840217428310814, 0.0034600257200886548, 0.008533629207517952, 0.11697333534309615, 0.00042416850284903145, 0.0, 0.04737805741057035, 0.0, 0.004462939925342161, 0.0, 0.0, 0.006615718608506027, 0.21098797615209777, 0.0003253481804113471], "columns": ["issue_date", "condition", "color_type", "length(m)", "height(cm)", "X1", "X2", "pet_category", "Split(-)(issue_date)_0", "Split(-)(issue_date)_1", "Split(-)(issue_date)_2", "Split(-)(listing_date)_0", "Split(-)(listing_date)_1", "Split(:)(listing_date)_0", "Split(:)(listing_date)_1", "Split( )(listing_date)_0", "Split( )(listing_date)_1", "Split( )(color_type)_0", "ExtractNumber(:(?:\\d*[.,]\\d+)|(?:\\d+[.,]?))(?:[Ee][+-)(pet_id)_0", "ExtractNumber(:(?:\\d*[.,]\\d+)|(?:\\d+[.,]?))(?:[Ee][+-)(issue_date)_0", "ExtractNumber((\\d{2}))(issue_date)_0", "ExtractNumber(:(?:\\d*[.,]\\d+)|(?:\\d+[.,]?))(?:[Ee][+-)(listing_date)_0", "ExtractNumber((\\d{2}))(listing_date)_0", "OneHot()(X2)_0", "OneHot()(X2)_1", "OneHot()(X2)_4", "OneHot()(X2)_7", "OneHot()(X2)_9"]}, {"scores": [0.16657599101313994, 0.0, 0.1476843583163351, 0.0, 0.001879749619624617, 0.2228336687438414, 0.0, 0.0, 0.008592964095196847, 0.023522740846616208, 0.0, 0.0, 0.0, 0.006942109396907381, 0.0, 0.001232242636394708, 0.0017280062132423767, 0.14824301377997726, 0.0012593649042592148, 0.004885085575723482, 0.03689075813987146, 0.0, 0.0, 0.0, 0.0, 0.0038871066446727184, 0.210046831467901, 0.0, 0.0004559950847834021, 0.00039568816009676895, 0.002514587660393158, 0.0, 0.00041381869577908164, 0.000261925624180314, 0.0038744888411008757, 0.0, 0.0, 0.0016167893468318267, 0.0, 0.0, 0.0, 0.004262715193130824, 0.0, 0.0, 0.0, 0.0, 0.0, 0.0, 0.0, 0.0, 0.0, 0.0, 0.0, 0.0, 0.0, 0.0, 0.0, 0.0, 0.0, 0.0, 0.0, 0.0, 0.0], "columns": ["issue_date", "condition", "color_type", "length(m)", "height(cm)", "X1", "X2", "pet_category", "Split(-)(issue_date)_0", "Split(-)(issue_date)_1", "Split(-)(issue_date)_2", "Split(-)(listing_date)_0", "Split(-)(listing_date)_1", "Split(:)(listing_date)_0", "Split(:)(listing_date)_1", "Split( )(listing_date)_0", "Split( )(listing_date)_1", "Split( )(color_type)_0", "ExtractNumber(:(?:\\d*[.,]\\d+)|(?:\\d+[.,]?))(?:[Ee][+-)(pet_id)_0", "ExtractNumber(:(?:\\d*[.,]\\d+)|(?:\\d+[.,]?))(?:[Ee][+-)(issue_date)_0", "ExtractNumber((\\d{2}))(issue_date)_0", "ExtractNumber(:(?:\\d*[.,]\\d+)|(?:\\d+[.,]?))(?:[Ee][+-)(listing_date)_0", "ExtractNumber((\\d{2}))(listing_date)_0", "OneHot()(X2)_0", "OneHot()(X2)_1", "OneHot()(X2)_4", "OneHot()(X2)_7", "OneHot()(X2)_9", "Split(:)(Split(-)(listing_date)_2)_0", "Split( )(Split(-)(listing_date)_2)_0", "Split( )(Split(:)(listing_date)_0)_1", "ExtractNumber(:(?:\\d*[.,]\\d+)|(?:\\d+[.,]?))(?:[Ee][+-)(Split(-)(issue_date)_2)_0", "ExtractNumber(:(?:\\d*[.,]\\d+)|(?:\\d+[.,]?))(?:[Ee][+-)(Split(-)(listing_date)_2)_0", "ExtractNumber(:(?:\\d*[.,]\\d+)|(?:\\d+[.,]?))(?:[Ee][+-)(Split(:)(listing_date)_1)_0", "ExtractNumber(:(?:\\d*[.,]\\d+)|(?:\\d+[.,]?))(?:[Ee][+-)(Split( )(listing_date)_1)_0", "OneHot()(Split(-)(issue_date)_1)_01", "OneHot()(Split(-)(issue_date)_1)_02", "OneHot()(Split(-)(issue_date)_1)_03", "OneHot()(Split(-)(issue_date)_1)_04", "OneHot()(Split(-)(issue_date)_1)_05", "OneHot()(Split(-)(issue_date)_1)_06", "OneHot()(Split(-)(issue_date)_1)_07", "OneHot()(Split(-)(issue_date)_1)_08", "OneHot()(Split(-)(issue_date)_1)_09", "OneHot()(Split(-)(issue_date)_1)_10", "OneHot()(Split(-)(issue_date)_1)_11", "OneHot()(Split(-)(issue_date)_1)_12", "OneHot()(Split(-)(listing_date)_0)_2016", "OneHot()(Split(-)(listing_date)_0)_2017", "OneHot()(Split(-)(listing_date)_0)_2018", "OneHot()(Split(-)(listing_date)_0)_2019", "OneHot()(Split(-)(listing_date)_1)_01", "OneHot()(Split(-)(listing_date)_1)_02", "OneHot()(Split(-)(listing_date)_1)_03", "OneHot()(Split(-)(listing_date)_1)_04", "OneHot()(Split(-)(listing_date)_1)_05", "OneHot()(Split(-)(listing_date)_1)_06", "OneHot()(Split(-)(listing_date)_1)_07", "OneHot()(Split(-)(listing_date)_1)_08", "OneHot()(Split(-)(listing_date)_1)_09", "OneHot()(Split(-)(listing_date)_1)_10", "OneHot()(Split(-)(listing_date)_1)_11", "OneHot()(Split(-)(listing_date)_1)_12"]}, {"scores": [0.1963172983033859, 0.0, 0.1508941675485197, 0.0, 0.002343074663248298, 0.2069261330795813, 0.0, 0.0, 0.005835000060647752, 0.03546390529454262, 0.0, 0.0, 0.0, 0.011427313218152156, 0.0009460424649088404, 0.000260753442813536, 0.0012843007748408095, 0.12834663228488594, 0.00034740802813963077, 0.012660725854488636, 0.015705650056241166, 0.0, 0.0, 0.0, 0.0, 0.0059187172963907336, 0.2104962940951028, 0.0, 0.0003594217535518462, 0.0008085661439592425, 0.004821571958487117, 0.0, 0.0007067726369870146, 0.0, 0.003389090776825877, 0.0, 0.0, 0.0, 0.0, 0.0, 0.0, 0.004741160264299003, 0.0, 0.0, 0.0, 0.0, 0.0, 0.0, 0.0, 0.0, 0.0, 0.0, 0.0, 0.0, 0.0, 0.0, 0.0, 0.0, 0.0, 0.0, 0.0, 0.0, 0.0],