{"SamplingSelector(iterations=400, evaluator=FeatureEvaluator(folds=4, max_depth=2, sample=500))": [{"scores": [0.18807612782467537, 0.017532178184207194, 0.356159761922881, 0.013430332043295497, 0.014121247956124771, 0.29501803342198857, 0.1156623186468284, 0.0], "columns": ["issue_date", "condition", "color_type", "length(m)", "height(cm)", "X1", "X2", "pet_category"]}, {"scores": [0.1598066403673253, 0.0, 0.2332532885646265, 0.0, 0.0005417405380091111, 0.23307839247586148, 0.013424304497025377, 0.0, 0.05115871397025703, 0.005354606204741162, 0.0, 0.00024977328803681885, 0.0, 0.0016274591569590004, 0.0019178990656376319, 0.0010644903745047648, 0.0009373995556268593, 0.1728542208295224, 0.0, 0.055027598359354515, 0.0018629202151987235, 0.00022851130254389527, 0.0005752129227945853, 0.0, 0.0016409248911715515, 0.009310038647302302, 0.05029136186987033, 0.005794502903631375], "columns": ["issue_date", "condition", "color_type", "length(m)", "height(cm)", "X1", "X2", "pet_category", "Split(-)(issue_date)_0", "Split(-)(issue_date)_1", "Split(-)(issue_date)_2", "Split(-)(listing_date)_0", "Split(-)(listing_date)_1", "Split(:)(listing_date)_0", "Split(:)(listing_date)_1", "Split( )(listing_date)_0", "Split( )(listing_date)_1", "Split( )(color_type)_0", "ExtractNumber(:(?:\\d*[.,]\\d+)|(?:\\d+[.,]?))(?:[Ee][+-)(pet_id)_0", "ExtractNumber(:(?:\\d*[.,]\\d+)|(?:\\d+[.,]?))(?:[Ee][+-)(issue_date)_0", "ExtractNumber((\\d{2}))(issue_date)_0", "ExtractNumber(:(?:\\d*[.,]\\d+)|(?:\\d+[.,]?))(?:[Ee][+-)(listing_date)_0", "ExtractNumber((\\d{2}))(listing_date)_0", "OneHot()(X2)_0", "OneHot()(X2)_1", "OneHot()(X2)_4", "OneHot()(X2)_7", "OneHot()(X2)_9"]}, {"scores": [0.16472377326626111, 0.0, 0.25336380106637124, 0.0, 0.0, 0.23456362911626583, 0.015454980231541638, 0.0, 0.0547481343874696, 0.0032348230532587567, 0.0, 0.0002952578284530436, 0.0, 0.0008265653043052466, 0.001697693171683747, 0.0009029628641401214, 0.0009465000400460422, 0.13874298521975587, 0.0, 0.05155792049710664, 0.004322272571983478, 0.00021897880142524143, 0.0004177864534535788, 0.0, 0.0005583225052369785, 0.007369963792869995, 0.04441704677578261, 0.007632961936236722, 0.004687040024927641, 0.003599357780070481, 0.00040909622370971727, 0.0, 0.004359883546650847, 0.0004843715632335004, 0.0, 0.00017274447228056273, 0.0, 0.0, 0.0, 0.0, 0.0, 0.0, 0.0, 0.0, 0.0, 0.0, 0.0, 0.0, 0.0, 0.0, 0.0002911475054804344, 0.0, 0.0, 0.0, 0.0, 0.0, 0.0, 0.0, 0.0, 0.0, 0.0, 0.0, 0.0], "columns": ["issue_date", "condition", "color_type", "length(m)", "height(cm)", "X1", "X2", "pet_category", "Split(-)(issue_date)_0", "Split(-)(issue_date)_1", "Split(-)(issue_date)_2", "Split(-)(listing_date)_0", "Split(-)(listing_date)_1", "Split(:)(listing_date)_0", "Split(:)(listing_date)_1", "Split( )(listing_date)_0", "Split( )(listing_date)_1", "Split( )(color_type)_0", "ExtractNumber(:(?:\\d*[.,]\\d+)|(?:\\d+[.,]?))(?:[Ee][+-)(pet_id)_0", "ExtractNumber(:(?:\\d*[.,]\\d+)|(?:\\d+[.,]?))(?:[Ee][+-)(issue_date)_0", "ExtractNumber((\\d{2}))(issue_date)_0", "ExtractNumber(:(?:\\d*[.,]\\d+)|(?:\\d+[.,]?))(?:[Ee][+-)(listing_date)_0", "ExtractNumber((\\d{2}))(listing_date)_0", "OneHot()(X2)_0", "OneHot()(X2)_1", "OneHot()(X2)_4", "OneHot()(X2)_7", "OneHot()(X2)_9", "Split(:)(Split(-)(listing_date)_2)_0", "Split( )(Split(-)(listing_date)_2)_0", "Split( )(Split(:)(listing_date)_0)_1", "ExtractNumber(:(?:\\d*[.,]\\d+)|(?:\\d+[.,]?))(?:[Ee][+-)(Split(-)(issue_date)_2)_0", "ExtractNumber(:(?:\\d*[.,]\\d+)|(?:\\d+[.,]?))(?:[Ee][+-)(Split(-)(listing_date)_2)_0", "ExtractNumber(:(?:\\d*[.,]\\d+)|(?:\\d+[.,]?))(?:[Ee][+-)(Split(:)(listing_date)_1)_0", "ExtractNumber(:(?:\\d*[.,]\\d+)|(?:\\d+[.,]?))(?:[Ee][+-)(Split( )(listing_date)_1)_0", "OneHot()(Split(-)(issue_date)_1)_01", "OneHot()(Split(-)(issue_date)_1)_02", "OneHot()(Split(-)(issue_date)_1)_03", "OneHot()(Split(-)(issue_date)_1)_04", "OneHot()(Split(-)(issue_date)_1)_05", "OneHot()(Split(-)(issue_date)_1)_06", "OneHot()(Split(-)(issue_date)_1)_07", "OneHot()(Split(-)(issue_date)_1)_08", "OneHot()(Split(-)(issue_date)_1)_09", "OneHot()(Split(-)(issue_date)_1)_10", "OneHot()(Split(-)(issue_date)_1)_11", "OneHot()(Split(-)(issue_date)_1)_12", "OneHot()(Split(-)(listing_date)_0)_2016", "OneHot()(Split(-)(listing_date)_0)_2017", "OneHot()(Split(-)(listing_date)_0)_2018", "OneHot()(Split(-)(listing_date)_0)_2019", "OneHot()(Split(-)(listing_date)_1)_01", "OneHot()(Split(-)(listing_date)_1)_02", "OneHot()(Split(-)(listing_date)_1)_03", "OneHot()(Split(-)(listing_date)_1)_04", "OneHot()(Split(-)(listing_date)_1)_05", "OneHot()(Split(-)(listing_date)_1)_06", "OneHot()(Split(-)(listing_date)_1)_07", "OneHot()(Split(-)(listing_date)_1)_08", "OneHot()(Split(-)(listing_date)_1)_09", "OneHot()(Split(-)(listing_date)_1)_10", "OneHot()(Split(-)(listing_date)_1)_11", "OneHot()(Split(-)(listing_date)_1)_12"]}, {"scores": [0.164748080290472, 0.0, 0.23682157143248486, 0.0, 6.317743082301414e-05, 0.22709688353652072, 0.01650320607087437, 0.0, 0.04193287658081378, 0.007805373906928212, 0.0, 0.0, 0.0, 0.000504444170950872, 0.001330160093365763, 0.0006096169993738297, 0.0, 0.15128847847876564, 0.0, 0.05285980140065283, 0.004137326358978294, 0.0, 0.0, 0.0, 0.0020866369071011674, 0.012717078154161593, 0.049278387080083086, 0.012040315621931844, 0.004363017967986658, 0.0036034384657814, 0.0004819867736601287, 0.0, 0.0060100648203656295, 0.002152553519756103, 0.00040579424195185884, 0.00020276312028963536, 0.0, 0.0, 0.0, 0.0, 0.0, 0.0006805379237278867, 0.0, 0.0, 0.0, 0.0, 0.0, 5.164725027550627e-05, 0.0, 0.0, 0.0002247814019239796, 0.0, 0.0, 0.0, 0.0, 0.0, 0.0, 0.0, 0.0, 0.0, 0.0, 0.0, 0.0],